country_iso3,country_name,year,GDP,GINI
ARG,Argentina,1980,76961923741.0701,40.8
ARG,Argentina,1986,105872372613.857,42.8
ARG,Argentina,1987,108810885301.253,45.3
ARG,Argentina,1991,189719984268.485,46.8
ARG,Argentina,1992,228778917308.17,45.5
ARG,Argentina,1993,236741715015.015,44.8
ARG,Argentina,1994,257440000000.0,45.9
ARG,Argentina,1995,258031750000.0,48.9
ARG,Argentina,1996,272149750000.0,49.5
ARG,Argentina,1997,292859000000.0,49.1
ARG,Argentina,1998,298948250000.0,50.7
ARG,Argentina,1999,283523000000.0,49.8
ARG,Argentina,2000,284203750000.0,51.0
ARG,Argentina,2001,268696750000.0,53.3
ARG,Argentina,2002,97724004251.8602,53.8
ARG,Argentina,2003,127586973492.177,51.0
ARG,Argentina,2004,164657930452.787,48.5
ARG,Argentina,2005,198737095012.282,47.8
ARG,Argentina,2006,232557260817.308,46.4
ARG,Argentina,2007,287530508430.568,46.3
ARG,Argentina,2008,361558037110.419,45.0
ARG,Argentina,2009,332976484577.619,43.8
ARG,Argentina,2010,423627422092.49,43.7
ARG,Argentina,2011,530158122010.442,42.7
ARG,Argentina,2012,545982375701.128,41.4
ARG,Argentina,2013,552025140252.246,41.1
ARG,Argentina,2014,526319673731.638,41.8
ARG,Argentina,2016,557532320662.955,42.3
ARG,Argentina,2017,643628393281.364,41.4
ARG,Argentina,2018,524819892360.176,41.7
ARG,Argentina,2019,447754683615.225,43.3
ARG,Argentina,2020,385740508436.965,42.7
ARG,Argentina,2021,486564085480.036,42.4
ARG,Argentina,2022,633993756301.08,40.7
ARG,Argentina,2023,649461687959.174,42.4
ARG,Argentina,2024,638365455340.04,42.4
BOL,Bolivia,1990,4867582597.51312,42.0
BOL,Bolivia,1992,5643868748.68126,49.1
BOL,Bolivia,1997,7925736821.45034,58.1
BOL,Bolivia,1999,8285064434.56826,58.0
BOL,Bolivia,2000,8397855484.76908,61.6
BOL,Bolivia,2001,8141516928.39489,57.4
BOL,Bolivia,2002,7905485146.44351,59.3
BOL,Bolivia,2004,8773451751.5121,55.0
BOL,Bolivia,2005,9549122905.32852,58.5
BOL,Bolivia,2006,11451844902.2214,56.7
BOL,Bolivia,2007,13120108008.3477,54.5
BOL,Bolivia,2008,16674276285.8956,50.8
BOL,Bolivia,2009,17339992193.7322,49.2
BOL,Bolivia,2011,23963164696.592,46.1
BOL,Bolivia,2012,27084497481.9103,46.6
BOL,Bolivia,2013,30659338885.6729,47.6
BOL,Bolivia,2014,32996188017.3661,47.8
BOL,Bolivia,2015,33000198248.9146,46.7
BOL,Bolivia,2016,33941126193.9219,45.2
BOL,Bolivia,2017,45927439594.7902,44.6
BOL,Bolivia,2018,48414038842.2576,42.6
BOL,Bolivia,2019,49056643589.0014,41.6
BOL,Bolivia,2020,42313784081.042,43.6
BOL,Bolivia,2021,47877892402.3155,40.9
BOL,Bolivia,2022,50959081953.6903,41.2
BOL,Bolivia,2023,52340206946.4544,42.1
BRA,Brasil,1981,258015174748.648,57.9
BRA,Brasil,1982,271314113768.417,58.4
BRA,Brasil,1983,189656506321.431,58.9
BRA,Brasil,1984,188339974086.58,58.3
BRA,Brasil,1985,210879844638.877,55.5
BRA,Brasil,1986,256480852471.129,58.4
BRA,Brasil,1987,283056836893.838,59.6
BRA,Brasil,1988,307881930752.268,61.4
BRA,Brasil,1989,412990820287.42,63.2
BRA,Brasil,1990,390725626002.866,60.5
BRA,Brasil,1992,328187960871.951,53.1
BRA,Brasil,1993,368295778245.09,60.1
BRA,Brasil,1995,769333330411.575,59.5
BRA,Brasil,1996,850426433004.077,59.8
BRA,Brasil,1997,883206452795.124,59.8
BRA,Brasil,1998,863711007325.493,59.6
BRA,Brasil,1999,599642075004.471,59.0
BRA,Brasil,2001,559983704094.17,58.4
BRA,Brasil,2002,509795270685.19,58.1
BRA,Brasil,2003,558233724164.711,57.6
BRA,Brasil,2004,669289321944.512,56.5
BRA,Brasil,2005,891633826625.407,56.3
BRA,Brasil,2006,1107626711163.23,55.6
BRA,Brasil,2007,1397114247188.89,54.9
BRA,Brasil,2008,1695855391757.96,54.0
BRA,Brasil,2009,1666996294252.12,53.7
BRA,Brasil,2011,2616156606579.21,52.9
BRA,Brasil,2012,2465228293706.86,53.4
BRA,Brasil,2013,2472819362043.74,52.7
BRA,Brasil,2014,2456043766032.38,52.0
BRA,Brasil,2015,1802211999456.42,51.9
BRA,Brasil,2016,1795693265999.04,53.4
BRA,Brasil,2017,2063514688805.78,53.3
BRA,Brasil,2018,1916933708352.71,53.9
BRA,Brasil,2019,1873288158838.63,53.5
BRA,Brasil,2020,1476107292151.95,48.9
BRA,Brasil,2021,1670647464062.96,52.9
BRA,Brasil,2022,1951923832083.87,52.0
BRA,Brasil,2023,2191131869706.02,51.6
CHL,Chile,1987,22605488850.8981,56.2
CHL,Chile,1990,33428580448.2715,57.2
CHL,Chile,1992,46538895685.8088,54.8
CHL,Chile,1994,57438273591.0521,56.4
CHL,Chile,1996,78584098983.6374,54.9
CHL,Chile,1998,81990010704.0602,55.5
CHL,Chile,2000,78339750721.364,52.8
CHL,Chile,2003,76492579644.0605,51.5
CHL,Chile,2006,153843518170.864,47.7
CHL,Chile,2009,171777900623.892,47.4
CHL,Chile,2011,251382573893.87,46.9
CHL,Chile,2013,277395018842.417,46.8
CHL,Chile,2015,242450355830.884,45.3
CHL,Chile,2017,276154259981.097,45.3
CHL,Chile,2020,254042159309.311,47.0
CHL,Chile,2022,301226575540.242,43.0
COL,Colombia,1980,33400735644.0481,55.1
COL,Colombia,1988,39212550050.4223,53.1
COL,Colombia,1989,39540080200.3938,52.8
COL,Colombia,1991,49175565911.0655,51.3
COL,Colombia,1992,58418985443.3172,51.3
COL,Colombia,1996,97160109277.8087,56.8
COL,Colombia,1999,86186158684.7685,58.5
COL,Colombia,2000,99875074951.0278,58.4
COL,Colombia,2001,98200641203.3892,57.3
COL,Colombia,2002,97945812802.8882,56.0
COL,Colombia,2003,94644969157.0987,53.6
COL,Colombia,2004,117092416666.245,55.0
COL,Colombia,2005,145600529605.803,53.9
COL,Colombia,2008,242504150472.931,55.3
COL,Colombia,2009,232468663109.595,54.3
COL,Colombia,2010,286498534094.963,54.6
COL,Colombia,2011,334966134804.887,53.5
COL,Colombia,2012,370691143018.039,52.6
COL,Colombia,2013,382093697077.685,52.6
COL,Colombia,2014,381240864422.407,52.5
COL,Colombia,2015,293492370193.166,51.0
COL,Colombia,2016,282720100286.228,50.6
COL,Colombia,2017,311866875156.879,49.7
COL,Colombia,2018,334198218098.276,50.4
COL,Colombia,2019,323031701192.84,51.3
COL,Colombia,2020,270348342541.465,53.5
COL,Colombia,2021,318524633225.395,55.1
COL,Colombia,2022,345632492851.448,54.8
COL,Colombia,2023,366291836137.916,53.9
CRI,Costa Rica,1981,2623803095.78501,47.5
CRI,Costa Rica,1986,4418983870.96774,34.4
CRI,Costa Rica,1989,5251025767.47627,45.5
CRI,Costa Rica,1990,5711687786.75989,45.2
CRI,Costa Rica,1991,7215725487.30549,46.6
CRI,Costa Rica,1992,8579754757.93237,45.6
CRI,Costa Rica,1993,9564815975.14743,45.9
CRI,Costa Rica,1994,10489903725.0032,46.7
CRI,Costa Rica,1995,11578594259.8675,45.7
CRI,Costa Rica,1996,11678424507.2457,46.5
CRI,Costa Rica,1997,12614602382.2012,45.6
CRI,Costa Rica,1998,13684255946.5765,45.6
CRI,Costa Rica,1999,14254866284.6542,47.6
CRI,Costa Rica,2000,15013629661.8969,47.4
CRI,Costa Rica,2001,15976174336.9721,51.5
CRI,Costa Rica,2002,16578820687.2881,51.8
CRI,Costa Rica,2003,17271760506.9483,49.3
CRI,Costa Rica,2004,18610594846.2083,48.4
CRI,Costa Rica,2005,20040642476.9817,47.5
CRI,Costa Rica,2006,22715540324.3032,49.3
CRI,Costa Rica,2007,26884700709.3146,49.3
CRI,Costa Rica,2008,30801745700.4514,48.6
CRI,Costa Rica,2009,30745714312.6417,50.6
CRI,Costa Rica,2010,37658616951.8038,48.0
CRI,Costa Rica,2011,42762613698.9636,48.8
CRI,Costa Rica,2012,47231655431.7355,48.4
CRI,Costa Rica,2013,50949668841.6696,49.2
CRI,Costa Rica,2014,52016408854.2658,48.6
CRI,Costa Rica,2015,56441920820.5194,48.4
CRI,Costa Rica,2016,58847019609.6549,48.7
CRI,Costa Rica,2017,60516044656.5206,48.3
CRI,Costa Rica,2018,62420164991.5374,48.0
CRI,Costa Rica,2019,64417670521.3545,48.2
CRI,Costa Rica,2020,62395610760.0492,49.2
CRI,Costa Rica,2021,64960725734.1965,48.7
CRI,Costa Rica,2022,69243626028.5936,47.2
CRI,Costa Rica,2023,86497941439.0174,46.7
CRI,Costa Rica,2024,95350423176.5962,45.8
DOM,Rep. Dominicana,1986,6122128557.57243,47.8
DOM,Rep. Dominicana,1989,6686593059.93691,50.4
DOM,Rep. Dominicana,1992,11605382504.0,51.1
DOM,Rep. Dominicana,1996,18241622547.5908,47.4
DOM,Rep. Dominicana,1997,20017450041.3075,48.9
DOM,Rep. Dominicana,2000,24305780628.6677,51.5
DOM,Rep. Dominicana,2001,25601823687.5742,50.0
DOM,Rep. Dominicana,2002,27137440786.2562,49.7
DOM,Rep. Dominicana,2003,21403167848.1444,52.1
DOM,Rep. Dominicana,2004,22322387382.494,52.1
DOM,Rep. Dominicana,2005,35777560683.9366,50.0
DOM,Rep. Dominicana,2006,37879830084.2627,52.0
DOM,Rep. Dominicana,2007,43965458508.5056,48.9
DOM,Rep. Dominicana,2008,48091433554.186,48.1
DOM,Rep. Dominicana,2009,48223781476.8909,48.9
DOM,Rep. Dominicana,2010,53801053352.5005,47.3
DOM,Rep. Dominicana,2011,57948261615.957,47.7
DOM,Rep. Dominicana,2012,60561635555.6383,46.1
DOM,Rep. Dominicana,2013,62555417414.582,47.7
DOM,Rep. Dominicana,2014,67014329099.5549,44.3
DOM,Rep. Dominicana,2015,70966782572.4386,45.2
DOM,Rep. Dominicana,2016,75552902635.7075,45.7
DOM,Rep. Dominicana,2017,79070274743.1658,42.2
DOM,Rep. Dominicana,2018,84994732049.3461,43.7
DOM,Rep. Dominicana,2019,89146130744.723,41.9
DOM,Rep. Dominicana,2020,78546672406.8291,39.6
DOM,Rep. Dominicana,2021,94850719516.7127,38.5
DOM,Rep. Dominicana,2022,113478087134.8,37.0
DOM,Rep. Dominicana,2023,120456239153.739,38.4
DOM,Rep. Dominicana,2024,124282245638.568,39.0
ECU,Ecuador,1987,13945426859.4657,50.5
ECU,Ecuador,1994,22708673336.6683,53.3
ECU,Ecuador,1995,24432884442.2211,50.8
ECU,Ecuador,1998,27981896948.4742,49.6
ECU,Ecuador,1999,19645272636.3182,58.6
ECU,Ecuador,2000,17539454727.3637,56.3
ECU,Ecuador,2003,30965208000.0,53.5
ECU,Ecuador,2004,35194947000.0,53.9
ECU,Ecuador,2005,40278849000.0,53.1
ECU,Ecuador,2006,45690762000.0,52.3
ECU,Ecuador,2007,49848725000.0,53.4
ECU,Ecuador,2008,61139438000.0,49.8
ECU,Ecuador,2009,60094978000.0,48.5
ECU,Ecuador,2010,68151329000.0,48.8
ECU,Ecuador,2011,78986648000.0,45.9
ECU,Ecuador,2012,87735048000.0,46.1
ECU,Ecuador,2013,96570334000.0,46.9
ECU,Ecuador,2014,102717794000.0,45.0
ECU,Ecuador,2015,97209558000.0,46.0
ECU,Ecuador,2016,97671433000.0,45.0
ECU,Ecuador,2017,104467486000.0,44.7
ECU,Ecuador,2018,107478961000.0,45.4
ECU,Ecuador,2019,107595830000.0,45.7
ECU,Ecuador,2020,95865473000.0,47.3
ECU,Ecuador,2021,107179074000.0,45.8
ECU,Ecuador,2022,116133121000.0,45.5
ECU,Ecuador,2023,121147057000.0,44.6
ECU,Ecuador,2024,124676074700.0,45.2
GTM,Guatemala,1986,7231963515.98174,54.1
GTM,Guatemala,1989,8410724360.79545,58.8
GTM,Guatemala,1998,19395491992.9939,49.4
GTM,Guatemala,2000,19288929030.0508,54.2
GTM,Guatemala,2006,29744246827.1839,54.5
GTM,Guatemala,2014,57852159007.6243,48.3
GTM,Guatemala,2023,104368755054.601,45.2
HND,Honduras,1989,4375896551.72414,55.4
HND,Honduras,1990,3734460116.73152,55.9
HND,Honduras,1991,3699381195.10223,51.8
HND,Honduras,1992,4122846905.18198,51.8
HND,Honduras,1993,4190773622.25871,53.4
HND,Honduras,1994,4105686899.43868,55.0
HND,Honduras,1995,4672346193.95203,55.5
HND,Honduras,1996,4798834459.45946,55.7
HND,Honduras,1997,5569178707.22433,52.7
HND,Honduras,1998,6163707533.23486,57.3
HND,Honduras,1999,6394090592.33449,55.2
HND,Honduras,2001,7651162302.3456,55.4
HND,Honduras,2002,7858255412.86038,55.7
HND,Honduras,2003,8230391346.67228,58.1
HND,Honduras,2004,8869299234.3377,58.1
HND,Honduras,2005,9757012696.56212,59.5
HND,Honduras,2006,10917477066.1429,57.5
HND,Honduras,2007,12361257680.5627,55.8
HND,Honduras,2008,13881731875.7466,55.5
HND,Honduras,2009,14587496229.1811,51.3
HND,Honduras,2010,15839344591.9842,53.1
HND,Honduras,2011,17710275685.4074,52.6
HND,Honduras,2012,18528554397.5695,53.4
HND,Honduras,2013,18499729214.904,50.0
HND,Honduras,2014,19756533971.8698,49.9
HND,Honduras,2015,20979791685.416,49.2
HND,Honduras,2016,21717604952.1835,49.8
HND,Honduras,2017,23136247990.5977,49.4
HND,Honduras,2018,24067750760.499,48.9
HND,Honduras,2019,24882225741.8119,48.2
HND,Honduras,2023,34355805527.9795,46.8
HND,Honduras,2024,37093565854.0437,45.7
HTI,Haití,2001,6331970324.31022,59.0
HTI,Haití,2012,13708925477.1304,41.1
JAM,Jamaica,1988,3828342820.3494,43.2
JAM,Jamaica,1990,4592208086.69235,41.1
JAM,Jamaica,1993,5440075675.74067,35.7
JAM,Jamaica,1996,7393891920.80358,40.4
JAM,Jamaica,1999,8887057997.36228,44.1
JAM,Jamaica,2002,9719009494.84779,48.3
JAM,Jamaica,2004,10174664853.9476,45.5
JAM,Jamaica,2018,16855447986.2221,35.3
JAM,Jamaica,2021,15963885376.3537,39.9
MEX,México,1984,184230754105.394,48.5
MEX,México,1989,221403098266.77,50.1
MEX,México,1992,363157832923.734,52.3
MEX,México,1994,553618247900.74,53.4
MEX,México,1996,432157945024.428,52.0
MEX,México,1998,557461102630.658,53.3
MEX,México,2000,742061329749.127,53.4
MEX,México,2002,810666116401.915,50.6
MEX,México,2004,819459227375.022,50.3
MEX,México,2005,917571853529.104,50.9
MEX,México,2006,1020265057882.01,49.7
MEX,México,2008,1161553459715.1,50.8
MEX,México,2010,1105424238731.09,47.7
MEX,México,2012,1255110424817.79,49.6
MEX,México,2014,1364507717614.13,48.9
MEX,México,2016,1112233497452.7,46.9
MEX,México,2018,1256300182879.73,46.0
MEX,México,2020,1121064767308.42,44.6
MEX,México,2022,1466934724293.06,43.5
NIC,Nicaragua,1993,1756454248.36601,57.1
NIC,Nicaragua,1998,4635347385.5446,54.4
NIC,Nicaragua,2001,5351752034.2221,52.9
NIC,Nicaragua,2005,6321324279.14826,48.8
NIC,Nicaragua,2009,8298702489.0801,43.9
NIC,Nicaragua,2014,11880438824.4494,46.2
PAN,Panamá,1979,3704551600.0,48.7
PAN,Panamá,1989,5918469800.0,58.5
PAN,Panamá,1991,7074675500.0,58.0
PAN,Panamá,1995,9573813700.0,57.6
PAN,Panamá,1997,10058854386.1392,58.1
PAN,Panamá,1998,11019557689.1677,57.3
PAN,Panamá,1999,11660704777.0881,56.3
PAN,Panamá,2000,11966497048.6488,56.6
PAN,Panamá,2001,12252906340.6841,56.7
PAN,Panamá,2002,12800851270.5514,56.1
PAN,Panamá,2003,13603456003.2851,55.6
PAN,Panamá,2004,15100203361.784,54.8
PAN,Panamá,2005,16623906739.3121,53.8
PAN,Panamá,2006,18659721513.0123,54.6
PAN,Panamá,2007,21717433808.2684,52.7
PAN,Panamá,2008,25721327955.2772,52.7
PAN,Panamá,2009,27791215547.3487,51.8
PAN,Panamá,2010,30231009532.9507,51.6
PAN,Panamá,2011,35687738251.8135,51.3
PAN,Panamá,2012,41595439720.9767,51.7
PAN,Panamá,2013,46949496479.4008,51.5
PAN,Panamá,2014,51427104881.9655,50.5
PAN,Panamá,2015,55767806073.1781,50.8
PAN,Panamá,2016,59760858717.8359,50.4
PAN,Panamá,2017,64327688826.3137,49.9
PAN,Panamá,2018,67316471181.2488,49.2
PAN,Panamá,2019,69778991192.5571,49.8
PAN,Panamá,2021,67396392506.2378,50.9
PAN,Panamá,2023,83812155244.3352,48.9
PAN,Panamá,2024,86523959131.7472,49.7
PER,Perú,1985,15078736875.387,45.6
PER,Perú,1994,44882079766.8913,44.0
PER,Perú,1997,58147522522.5225,53.3
PER,Perú,1998,55501467877.381,55.1
PER,Perú,1999,50187324567.883,54.8
PER,Perú,2000,51744749133.213,49.1
PER,Perú,2001,52030158775.4055,51.3
PER,Perú,2002,54777553515.0809,53.6
PER,Perú,2003,58731030121.8671,53.1
PER,Perú,2004,66768703497.5687,49.9
PER,Perú,2005,76060606060.6061,50.4
PER,Perú,2006,88643193061.748,50.3
PER,Perú,2007,102170981144.136,50.0
PER,Perú,2008,120550599815.441,47.5
PER,Perú,2009,120822986521.479,47.0
PER,Perú,2010,147527631520.729,45.5
PER,Perú,2011,171761737046.585,44.7
PER,Perú,2012,192650021648.583,44.4
PER,Perú,2013,201175543571.392,43.9
PER,Perú,2014,200786250582.943,43.1
PER,Perú,2015,189802976285.619,43.4
PER,Perú,2016,191898104390.379,43.6
PER,Perú,2017,211007984080.911,43.3
PER,Perú,2018,222597009739.235,42.4
PER,Perú,2019,228346006003.648,41.5
PER,Perú,2020,201409694755.934,43.7
PER,Perú,2021,226328766459.634,40.1
PER,Perú,2022,246065570308.155,40.3
PER,Perú,2023,266958720837.988,40.7
PER,Perú,2024,289221969062.941,40.1
PRY,Paraguay,1990,5812114523.01187,40.8
PRY,Paraguay,1995,9062131475.02318,58.1
PRY,Paraguay,1997,9965225678.05093,54.9
PRY,Paraguay,1999,8837070235.51892,54.6
PRY,Paraguay,2001,8495806432.18467,54.6
PRY,Paraguay,2002,7196260656.84556,57.3
PRY,Paraguay,2003,7691367471.17992,54.9
PRY,Paraguay,2004,9624440836.29309,52.3
PRY,Paraguay,2005,10737500188.1123,51.4
PRY,Paraguay,2006,13429430050.261,53.0
PRY,Paraguay,2007,17856393235.4338,53.0
PRY,Paraguay,2008,24615267663.5385,50.7
PRY,Paraguay,2009,22355151162.0031,49.1
PRY,Paraguay,2010,27260886405.2341,51.0
PRY,Paraguay,2011,33756238766.4931,52.3
PRY,Paraguay,2012,33271921136.3071,47.6
PRY,Paraguay,2013,38501122141.4135,47.9
PRY,Paraguay,2014,40377929295.6522,50.7
PRY,Paraguay,2015,36211447840.1027,47.6
PRY,Paraguay,2016,36089700222.9546,47.9
PRY,Paraguay,2017,38997129473.5613,48.5
PRY,Paraguay,2018,40225448340.6341,46.0
PRY,Paraguay,2019,37925338329.156,45.7
PRY,Paraguay,2020,35432178068.1756,43.5
PRY,Paraguay,2021,39950899938.7474,42.9
PRY,Paraguay,2022,41952910858.0846,44.6
PRY,Paraguay,2023,43118053174.5461,44.2
PRY,Paraguay,2024,44458118397.4445,44.2
SLV,El Salvador,1989,4372215300.0,48.7
SLV,El Salvador,1991,5252342400.0,53.8
SLV,El Salvador,1995,8921947100.0,49.8
SLV,El Salvador,1996,9586327800.0,51.0
SLV,El Salvador,1998,10936669900.0,54.4
SLV,El Salvador,1999,11284197000.0,52.1
SLV,El Salvador,2000,11784927700.0,51.5
SLV,El Salvador,2001,12282533600.0,51.3
SLV,El Salvador,2002,12664190300.0,51.9
SLV,El Salvador,2003,13243892200.0,50.4
SLV,El Salvador,2004,13724810900.0,47.8
SLV,El Salvador,2005,14698000000.0,48.5
SLV,El Salvador,2006,15999890000.0,45.7
SLV,El Salvador,2007,17011750000.0,45.2
SLV,El Salvador,2008,17986890000.0,46.9
SLV,El Salvador,2009,17601620000.0,45.8
SLV,El Salvador,2010,18447920000.0,43.5
SLV,El Salvador,2011,20283780000.0,42.3
SLV,El Salvador,2012,21386150000.0,41.8
SLV,El Salvador,2013,21990960000.0,43.4
SLV,El Salvador,2014,22593470000.0,41.6
SLV,El Salvador,2015,23438240000.0,40.6
SLV,El Salvador,2016,24191430000.0,40.0
SLV,El Salvador,2017,24979190000.0,38.0
SLV,El Salvador,2018,26020850000.0,38.6
SLV,El Salvador,2019,26881140000.0,38.8
SLV,El Salvador,2021,29043140000.0,39.0
SLV,El Salvador,2022,31870120000.0,38.8
SLV,El Salvador,2023,33853940000.0,39.8
TTO,Trinidad y Tobago,1988,4496910569.10569,42.6
TTO,Trinidad y Tobago,1992,5439552941.17647,40.2
URY,Uruguay,1981,11048301420.6301,43.6
URY,Uruguay,1989,8438951476.06644,42.4
URY,Uruguay,1992,12878148790.7348,41.5
URY,Uruguay,1995,19297663096.5506,40.9
URY,Uruguay,1996,20515458113.5857,40.8
URY,Uruguay,1997,23969739233.8966,41.5
URY,Uruguay,1998,25385886977.5228,42.5
URY,Uruguay,2000,22823270892.1094,43.4
URY,Uruguay,2001,20898761742.2386,45.0
URY,Uruguay,2002,13606515722.5864,45.5
URY,Uruguay,2003,12045638351.8507,45.0
URY,Uruguay,2004,13686329890.1191,45.9
URY,Uruguay,2005,17362857683.8545,44.7
URY,Uruguay,2006,19741420739.8901,45.9
URY,Uruguay,2007,23797773024.3992,46.4
URY,Uruguay,2008,31119602538.8322,45.1
URY,Uruguay,2009,32708319077.5179,45.5
URY,Uruguay,2010,41950361211.9581,44.5
URY,Uruguay,2011,50342406067.0777,42.2
URY,Uruguay,2012,54232266358.7811,39.9
URY,Uruguay,2013,61337621933.7857,40.5
URY,Uruguay,2014,61496186973.902,40.1
URY,Uruguay,2015,57680327998.6689,40.1
URY,Uruguay,2016,57480787465.2716,39.7
URY,Uruguay,2017,65005997963.4822,39.5
URY,Uruguay,2018,65344577415.7535,39.7
URY,Uruguay,2019,62222313618.8454,39.7
URY,Uruguay,2020,53559359261.826,40.2
URY,Uruguay,2021,60739084240.8633,40.8
URY,Uruguay,2022,70594110920.0358,40.6
URY,Uruguay,2023,77991666837.7382,40.9
URY,Uruguay,2024,80961511073.5797,40.0
VEN,Venezuela,1981,66327441860.4651,55.6
VEN,Venezuela,1987,48029034482.7586,53.4
VEN,Venezuela,1989,43536709104.0115,43.8
VEN,Venezuela,1992,60416519620.0849,42.1
VEN,Venezuela,1995,77389487770.0883,47.2
VEN,Venezuela,1998,91336763255.0597,48.0
VEN,Venezuela,1999,97972842461.5131,47.7
VEN,Venezuela,2001,122911036746.729,47.2
VEN,Venezuela,2002,92893587733.6549,48.9
VEN,Venezuela,2003,83620628582.1082,47.9
VEN,Venezuela,2004,112451400424.964,47.3
VEN,Venezuela,2005,145513489651.872,49.3
VEN,Venezuela,2006,183477522123.894,44.7
