pais,anio,tipo,modifica_otra_ley,¿Criminaliza la expresión?,elimina_criminalizacion,impone_sancion_civil,elimina_sancion_civil,impone_barreras_adicionales_expresion,¿Regula contenido en Internet?,¿Distingue la expresión online de la offline?,¿Regula intermediarios en Internet?,¿Apoyo de la sociedad civil?,¿Limita o promueve el discurso?,objetivo_legitimo,Legalidad,Necesidad,Proporcionalidad,¿Cumple con todos los elementos del test?,objetivo_legitimo_2,objetivo_legitimo_3
ARGENTINA,1997,LEY,SI,NO,NO,NO,NO,SI,NO,NO,NO,NO,Limita,PROPIEDAD INTELECTUAL,SI,SI,SI,SI,,
ARGENTINA,1998,LEY,SI,NO,NO,NO,NO,SI,NO,NO,NO,NO,Limita,PROPIEDAD INTELECTUAL,SI,SI,SI,SI,,
ARGENTINA,1999,LEY,SI,NO,NO,SI,NO,SI,NO,NO,NO,,Limita,PROTECCIÓN DE MENORES,SI,SI,SI,SI,,
ARGENTINA,2000,LEY,NO,SI,NO,SI,NO,SI,NO,NO,NO,NO,Limita,DATOS PERSONALES,SI,SI,SI,SI,,
ARGENTINA,2001,LEY,NO,NO,NO,SI,NO,NO,NO,NO,NO,,Promueve,LIBERTAD DE EXPRESIÓN,,,,,,
ARGENTINA,2001,LEY,NO,NO,NO,NO,NO,SI,NO,NO,NO,NO,Limita,SEGURIDAD NACIONAL,NO,SI,NO,NO,,
ARGENTINA,2002,LEY,NO,NO,NO,SI,NO,NO,SI,NO,SI,,Limita,RESPONSABILIDAD DE INTERMEDIARIOS,SI,SI,SI,SI,,
ARGENTINA,2002,LEY,SI,NO,NO,SI,NO,SI,NO,NO,NO,,Limita,LIBERTAD ELECTORAL,SI,SI,SI,SI,,
ARGENTINA,2005,LEY,NO,NO,NO,NO,NO,NO,SI,NO,NO,SI,Promueve,LIBERTAD DE EXPRESIÓN,,,,,,
ARGENTINA,2007,LEY,SI,SI,NO,NO,NO,SI,NO,NO,NO,NO,Limita,SEGURIDAD NACIONAL,NO,NO,NO,NO,,
ARGENTINA,2008,LEY,SI,SI,NO,NO,NO,SI,NO,NO,NO,,Limita,DELITOS INFORMÁTICOS,SI,SI,SI,SI,,
ARGENTINA,2009,LEY,SI,NO,SI,SI,NO,SI,NO,NO,NO,SI,Limita,REPUTACIÓN Y HONOR,NO,SI,SI,NO,,
ARGENTINA,2009,LEY,SI,NO,NO,NO,NO,SI,NO,NO,NO,NO,Limita,DERECHOS DE AUTOR,SI,SI,SI,SI,,
ARGENTINA,2009,LEY,NO,NO,NO,NO,NO,NO,NO,NO,NO,,Limita/Promueve,LIBERTAD ELECTORAL,SI,SI,SI,SI,,
ARGENTINA,2011,LEY,SI,NO,SI,NO,NO,SI,NO,NO,NO,NO,Limita,SEGURIDAD NACIONAL,NO,NO,NO,NO,,
ARGENTINA,2013,LEY,NO,NO,NO,NO,NO,NO,NO,NO,NO,SI,Promueve,IGUALDAD Y NO DISCRIMINACIÓN,,,,,,
ARGENTINA,2013,LEY,SI,SI,NO,NO,NO,SI,SI,SI,NO,NO,Limita,PROTECCIÓN DE MENORES,NO,SI,SI,NO,,
ARGENTINA,2013,LEY,SI,NO,NO,NO,NO,NO,NO,NO,NO,SI,Promueve,LIBERTAD DE EXPRESIÓN,,,,,,
ARGENTINA,2014,LEY,SI,NO,NO,SI,NO,SI,NO,NO,NO,SI,Limita,REPUTACIÓN Y HONOR,SI,SI,SI,SI,,
ARGENTINA,2014,LEY,SI,NO,NO,SI,NO,SI,NO,NO,NO,,Limita,PRIVACIDAD,NO,SI,SI,NO,,
ARGENTINA,2014,LEY,NO,NO,NO,NO,NO,NO,SI,NO,NO,SI,Promueve,NEUTRALIDAD DE LA RED,,,,,,
ARGENTINA,2015,LEY,SI,NO,NO,NO,NO,SI,NO,NO,NO,NO,Limita,SEGURIDAD NACIONAL,NO,SI,NO,NO,,
ARGENTINA,2016,LEY,NO,NO,NO,NO,NO,NO,NO,NO,NO,SI,Promueve,ACCESO A LA INFORMACIÓN,,,,,,
ARGENTINA,2016,LEY,SI,NO,NO,NO,NO,NO,NO,NO,NO,,Promueve,LIBERTAD ELECTORAL,,,,,,
ARGENTINA,2018,LEY,SI,SI,NO,NO,NO,SI,SI,NO,NO,,Limita,PROTECCIÓN DE MENORES,SI,SI,SI,SI,,
ARGENTINA,2018,LEY,SI,NO,NO,NO,NO,NO,NO,NO,NO,,Limita,LIBERTAD DE PRENSA,,,,,,
CHILE,1874,LEY,NO,SI,NO,SI,SI,SI,NO,NO,NO,,LIMITA,HONOR Y REPUTACIÓN,SI,SI,NO,NO,,
CHILE,1999,LEY,NO,NO,NO,NO,NO,NO,NO,NO,NO,SI,PROMUEVE,LIBERTAD DE CULTO,SI,SI,SI,SI,,
CHILE,1999,LEY,NO,NO,NO,SI,NO,NO,NO,NO,NO,NO,LIMITA/PROMUEVE,PRIVACIDAD,SI,SI,NO,NO,Datos personales,
CHILE,2001,LEY,Si,NO,SI,NO,SI,NO,NO,NO,NO,SI,PROMUEVE,PROMOCIÓN DE LA CULTURA,SI,SI,SI,SI,,
CHILE,2001,LEY,SI,NO,NO,NO,NO,NO,NO,NO,NO,SI,PROMUEVE,LIBERTAD DE EXPRESIÓN,SI,SI,SI,SI,,
CHILE,2004,LEY,SI,NO,NO,Si,NO,SI,NO,NO,NO,,LIMITA/PROMUEVE,SEGURIDAD NACIONAL,SI,SI,SI,NO,,
CHILE,2005,LEY,SI,NO,NO,SI,SI,NO,NO,NO,,,LIMITA/PROMUEVE,DESACATO,SI,SI,SI,SI,,
CHILE,2008,LEY,SI,,,,,,,,,SI,PROMUEVE,ACCESO A LA INFORMACIÓN,SI,SI,SI,SI,,
CHILE,2009,LEY,NO,,,,,,,,,SI,LIMITA,SEGURIDAD NACIONAL,SI,SI,SI,SI,Crímines de Lesa Humanidad,Discurso de odio
CHILE,2010,LEY,NO,SI,NO,SI,NO,SI,,,,SI,LIMITA/PROMUEVE,TELECOMUNICACIONES Y CONVERGENCIA,SI,SI,NO,NO,,
CHILE,2010,LEY,NO,NO,NO,SI,NO,NO,SI,NO,SI,SI,PROMUEVE,NEUTRALIDAD DE LA RED,SI,SI,SI,SI,,
CHILE,2010,LEY,SI,NO,NO,SI,SI,NO,SI,NO,NO,SI,PROMUEVE,DERECHOS DE AUTOR,SI,SI,SI,SI,,
CHILE,2011,LEY,SI,SI,NO,SI,NO,SI,SI,SI,NO,SI,LIMITA/PROMUEVE,PROTECCIÓN DE MENORES,SI,SI,SI,SI,,
CHILE,2012,LEY,SI,NO,NO,SI,NO,SI,NO,NO,NO,SI,LIMITA/PROMUEVE,IGUALDAD Y NO DISCRIMINACIÓN,SI,SI,SI,SI,,
CHILE,2014,LEY,SI,,,,,,,,,NO,LIMITA/PROMUEVE,REGULACIÓN DE MEDIOS,SI,SI,SI,SI,,
CHILE,2018,LEY,SI,,,,,,NO,NO,NO,,PROMUEVE,REGULACIÓN DE MEDIOS,SI,SI,SI,SI,,
CHILE,2018,LEY,SI,NO,NO,SI,NO,SI,NO,NO,NO,SI,LIMITA,DATOS PERSONALES,SI,SI,SI,SI,,
COLOMBIA,1997,LEY,SI,SI,NO,NO,NO,NO,SI,NO,NO,,LIMITA,PROTECCIÓN DE MENORES,SI,SI,SI,SI,,
COLOMBIA,1997,LEY,NO,NO,NO,NO,NO,NO,NO,NO,NO,SI,PROMUEVE,DISCAPACIDAD,,,,,Igualdad y no discriminación,
COLOMBIA,1997,LEY,SI,NO,NO,NO,NO,SI,NO,NO,NO,,LIMITA,SEGURIDAD NACIONAL,SI,NO,NO,NO,,
COLOMBIA,1998,LEY,NO,NO,NO,NO,NO,SI,NO,NO,NO,,LIMITA,PROPIEDAD INTELECTUAL,SI,SI,SI,SI,,
COLOMBIA,1999,LEY,NO,SI,NO,NO,NO,NO,NO,NO,NO,,LIMITA,,SI,SI,SI,SI,,
COLOMBIA,1999,LEY,NO,SI,NO,NO,NO,NO,NO,NO,NO,,LIMITA,REPUTACIÓN Y HONOR,SI,SI,NO,NO,,
COLOMBIA,1999,LEY,NO,SI,NO,NO,NO,NO,NO,NO,NO,,LIMITA,SEGURIDAD NACIONAL,SI,SI,SI,SI,,
COLOMBIA,1999,LEY,NO,SI,NO,NO,NO,NO,NO,NO,NO,,LIMITA,SEGURIDAD NACIONAL,SI,SI,SI,SI,,
COLOMBIA,1999,LEY,NO,NO,NO,NO,NO,SI,NO,NO,NO,,LIMITA,SEGURIDAD NACIONAL,SI,NO,NO,NO,,
COLOMBIA,1999,LEY,NO,NO,NO,NO,NO,SI,NO,NO,NO,,LIMITA,ADMINISTRACIÓN DE JUSTICIA,SI,SI,SI,SI,,
COLOMBIA,1999,LEY,NO,NO,NO,NO,NO,SI,NO,NO,NO,,LIMITA,ADMINISTRACIÓN DE JUSTICIA,SI,SI,SI,SI,,
COLOMBIA,1999,LEY,NO,NO,NO,NO,NO,SI,NO,NO,NO,,LIMITA,ADMINISTRACIÓN DE JUSTICIA,SI,SI,SI,SI,,
COLOMBIA,1999,LEY,NO,NO,NO,NO,NO,SI,NO,NO,NO,,LIMITA,ADMINISTRACIÓN DE JUSTICIA,SI,SI,SI,SI,,
COLOMBIA,1999,LEY,NO,NO,NO,NO,NO,SI,NO,NO,NO,,LIMITA,ADMINISTRACIÓN DE JUSTICIA,SI,SI,SI,SI,,
COLOMBIA,1999,LEY,NO,NO,NO,NO,NO,SI,NO,NO,NO,,LIMITA,PRIVACIDAD,SI,SI,SI,SI,,
COLOMBIA,1999,LEY,NO,NO,NO,NO,NO,NO,NO,NO,NO,,LIMITA,DERECHOS DE AUTOR,SI,SI,NO,NO,,
COLOMBIA,2000,LEY,NO,NO,NO,NO,NO,NO,NO,NO,NO,,LIMITA,DERECHOS DE AUTOR,SI,SI,NO,NO,,
COLOMBIA,2000,LEY,NO,NO,NO,NO,NO,NO,NO,NO,NO,,PROMUEVE,LIBERTAD DE EXPRESIÓN,,,,,,
COLOMBIA,2000,LEY,NO,NO,NO,NO,NO,NO,NO,NO,NO,,PROMUEVE,ACCESO A LA INFORMACIÓN,,,,,,
COLOMBIA,2000,LEY,SI,NO,NO,NO,NO,SI,NO,NO,NO,,LIMITA,SEGURIDAD NACIONAL,SI,NO,NO,NO,,
COLOMBIA,2000,LEY,SI,SI,NO,NO,NO,NO,NO,NO,NO,,LIMITA,APOLOGÍA,SI,SI,SI,SI,,
COLOMBIA,2000,LEY,SI,NO,NO,NO,NO,NO,NO,NO,NO,,PROMUEVE,LIBERTAD DE EXPRESIÓN,,,,,,
COLOMBIA,2000,LEY,SI,SI,NO,NO,NO,NO,NO,NO,NO,,LIMITA,SEGURIDAD NACIONAL,SI,SI,SI,SI,,
COLOMBIA,2000,LEY,SI,NO,NO,NO,NO,NO,NO,NO,NO,,PROMUEVE,LIBERTAD DE EXPRESIÓN,,,,,,
COLOMBIA,2000,LEY,SI,NO,NO,NO,NO,NO,NO,NO,NO,,PROMUEVE,LIBERTAD DE EXPRESIÓN,,,,,,
COLOMBIA,2000,LEY,SI,NO,NO,NO,NO,NO,NO,NO,NO,,PROMUEVE,LIBERTAD DE EXPRESIÓN,,,,,,
COLOMBIA,2000,LEY,SI,NO,NO,NO,NO,NO,SI,NO,NO,,PROMUEVE,REGULACIÓN DE MEDIOS,,,,,,
COLOMBIA,2000,LEY,SI,SI,NO,NO,NO,NO,NO,NO,NO,,LIMITA,REGULACIÓN DE MEDIOS,NO,SI,NO,NO,,
COLOMBIA,2000,LEY,SI,NO,NO,NO,NO,NO,NO,NO,NO,,PROMUEVE,LIBERTAD DE CULTO,,,,,,
COLOMBIA,2000,LEY,SI,SI,NO,NO,NO,NO,NO,NO,NO,,LIMITA,LIBERTAD DE CULTO,NO,SI,NO,NO,,
COLOMBIA,2000,LEY,SI,SI,NO,NO,NO,NO,SI,NO,NO,,LIMITA,PROTECCIÓN DE MENORES,SI,SI,SI,SI,,
COLOMBIA,2000,LEY,SI,SI,NO,NO,NO,NO,NO,NO,NO,,LIMITA,REPUTACIÓN Y HONOR,SI,NO,NO,NO,,
COLOMBIA,2000,LEY,SI,NO,NO,NO,NO,NO,NO,NO,NO,,PROMUEVE,LIBERTAD DE EXPRESIÓN,,,,,,
COLOMBIA,2000,LEY,SI,NO,NO,NO,NO,NO,NO,NO,NO,,PROMUEVE,LIBERTAD DE REUNIÓN Y ASOCIACIÓN,,,,,,
COLOMBIA,2000,LEY,SI,SI,NO,NO,NO,NO,SI,NO,NO,,LIMITA,DERECHOS DE AUTOR,SI,SI,NO,NO,,
COLOMBIA,2000,LEY,SI,SI,NO,NO,NO,NO,NO,NO,NO,,LIMITA,SEGURIDAD NACIONAL,SI,SI,SI,SI,,
COLOMBIA,2000,LEY,SI,SI,NO,NO,NO,NO,NO,NO,NO,,LIMITA,PROPIEDAD INTELECTUAL,SI,SI,SI,SI,,
COLOMBIA,2000,LEY,SI,SI,NO,NO,NO,NO,NO,NO,NO,,LIMITA,SEGURIDAD NACIONAL,SI,SI,SI,SI,,
COLOMBIA,2000,LEY,SI,SI,NO,NO,NO,NO,NO,NO,NO,,LIMITA,SEGURIDAD NACIONAL,SI,SI,SI,SI,,
COLOMBIA,2000,LEY,SI,SI,NO,NO,NO,NO,NO,NO,NO,,LIMITA,SEGURIDAD NACIONAL,SI,SI,SI,SI,,
COLOMBIA,2000,LEY,SI,SI,NO,NO,NO,NO,NO,NO,NO,,LIMITA,ADMINISTRACIÓN DE JUSTICIA,SI,SI,SI,SI,,
COLOMBIA,2000,LEY,SI,SI,NO,NO,NO,NO,NO,NO,NO,,LIMITA,SEGURIDAD NACIONAL,SI,SI,SI,SI,,
COLOMBIA,2000,LEY,SI,SI,NO,NO,NO,NO,NO,NO,NO,,LIMITA,SEGURIDAD NACIONAL,SI,NO,NO,NO,MORAL PÚBLICA,
COLOMBIA,2001,LEY,NO,NO,NO,NO,NO,SI,SI,SI,SI,,LIMITA,PROTECCIÓN DE MENORES,SI,SI,SI,SI,,
COLOMBIA,2001,LEY,NO,NO,NO,NO,NO,SI,NO,NO,NO,,LIMITA,PROTECCIÓN DE MENORES,SI,SI,SI,SI,,
COLOMBIA,2001,LEY,SI,SI,NO,NO,NO,NO,SI,NO,NO,,LIMITA,PROTECCIÓN DE MENORES,SI,SI,SI,SI,,
COLOMBIA,2001,LEY,NO,NO,NO,NO,NO,SI,NO,NO,NO,,LIMITA,,SI,NO,NO,NO,,
COLOMBIA,2001,LEY,NO,NO,NO,NO,NO,SI,NO,NO,NO,,LIMITA,REGULACIÓN DE MEDIOS,SI,SI,SI,SI,,
COLOMBIA,2001,LEY,NO,NO,NO,NO,NO,NO,NO,NO,NO,,PROMUEVE,REGULACIÓN DE MEDIOS,,,,,,
COLOMBIA,2002,LEY,SI,SI,NO,SI,NO,NO,NO,NO,NO,,PROMUEVE,LIBERTAD DE EXPRESIÓN,,,,,,
COLOMBIA,2002,LEY,SI,NO,NO,NO,NO,SI,NO,NO,NO,,LIMITA,REPUTACIÓN Y HONOR,SI,SI,SI,SI,,
COLOMBIA,2003,LEY,NO,NO,NO,NO,NO,NO,NO,NO,NO,,PROMUEVE,PROMOCIÓN DE LA CULTURA,,,,,,
COLOMBIA,2003,LEY,NO,NO,NO,NO,NO,SI,NO,NO,NO,,LIMITA,SEGURIDAD NACIONAL,SI,SI,NO,NO,REPUTACIÓN Y HONOR,
COLOMBIA,2003,LEY,NO,NO,NO,NO,NO,SI,NO,NO,NO,,LIMITA,ADMINISTRACIÓN DE JUSTICIA,SI,SI,SI,SI,,
COLOMBIA,2004,LEY,NO,NO,NO,NO,NO,SI,NO,NO,NO,,LIMITA,LIBERTAD DE EXPRESIÓN,SI,NO,NO,NO,,
COLOMBIA,2004,LEY,SI,NO,NO,NO,NO,SI,SI,NO,NO,,LIMITA,SEGURIDAD NACIONAL,NO,SI,NO,NO,ORDEN PÚBLICO,
COLOMBIA,2005,LEY,NO,NO,NO,NO,NO,NO,NO,NO,NO,,PROMUEVE,DISCAPACIDAD,,,,,Igualdad y no discriminación,
COLOMBIA,2006,LEY,NO,NO,NO,NO,NO,SI,SI,NO,NO,,LIMITA,ACOSO LABORAL,NO,SI,SI,NO,,
COLOMBIA,2006,LEY,SI,NO,NO,NO,NO,SI,NO,NO,NO,,LIMITA,SEGURIDAD NACIONAL,NO,SI,NO,NO,REPUTACIÓN Y HONOR,
COLOMBIA,2006,LEY,SI,NO,NO,NO,NO,SI,SI,NO,NO,,LIMITA,PROTECCIÓN DE MENORES,SI,SI,SI,SI,,
COLOMBIA,2006,LEY,NO,NO,NO,NO,NO,NO,NO,NO,NO,,LIMITA,PROTECCIÓN DE MENORES,SI,NO,NO,NO,,
COLOMBIA,2006,LEY,NO,NO,NO,NO,NO,SI,NO,NO,NO,,LIMITA,PROTECCIÓN DE MENORES,SI,SI,SI,SI,,
COLOMBIA,2006,LEY,NO,NO,NO,NO,NO,SI,NO,NO,NO,,LIMITA,PROTECCIÓN DE MENORES,SI,SI,SI,SI,,
COLOMBIA,2006,LEY,NO,NO,NO,NO,NO,SI,NO,NO,NO,,LIMITA,PROTECCIÓN DE MENORES,SI,SI,SI,SI,,
COLOMBIA,2006,LEY,NO,NO,NO,NO,NO,SI,NO,NO,NO,,LIMITA,PROTECCIÓN DE MENORES,SI,SI,SI,SI,,
COLOMBIA,2006,LEY,NO,NO,NO,NO,NO,SI,SI,NO,NO,,LIMITA,SALUD PÚBLICA,SI,SI,SI,SI,,
COLOMBIA,2007,LEY,SI,NO,NO,NO,NO,SI,NO,NO,NO,,LIMITA,MORAL PÚBLICA,SI,NO,NO,NO,Administración de Justicia,
COLOMBIA,2007,LEY,SI,NO,NO,NO,NO,SI,NO,NO,NO,,LIMITA,ADMINISTRACIÓN DE JUSTICIA,SI,SI,SI,SI,,
COLOMBIA,2007,LEY,NO,NO,NO,NO,NO,NO,NO,NO,NO,,PROMUEVE,LIBERTAD DE EXPRESIÓN,,,,,,
COLOMBIA,2007,LEY,NO,NO,NO,NO,NO,SI,SI,NO,NO,,LIMITA,PROPIEDAD INTELECTUAL,SI,SI,SI,SI,,
COLOMBIA,2007,LEY,NO,NO,NO,NO,NO,SI,NO,NO,NO,,LIMITA,DERECHOS DE AUTOR,SI,SI,SI,SI,,
COLOMBIA,2007,LEY,NO,NO,NO,NO,NO,SI,SI,NO,NO,NO,LIMITA,DERECHOS DE AUTOR,SI,SI,NO,NO,,
COLOMBIA,2007,LEY,NO,NO,NO,NO,NO,SI,NO,NO,NO,,LIMITA,DERECHOS DE AUTOR,SI,SI,SI,SI,,
COLOMBIA,2007,LEY,NO,NO,NO,NO,NO,SI,SI,NO,SI,NO,LIMITA,DERECHOS DE AUTOR,SI,NO,NO,NO,,
COLOMBIA,2007,LEY,NO,NO,NO,NO,NO,NO,NO,NO,NO,,PROMUEVE,ACCESO A LA INFORMACIÓN,,,,,,
COLOMBIA,2008,LEY,SI,NO,NO,NO,NO,SI,NO,NO,NO,,LIMITA,ADMINISTRACIÓN DE JUSTICIA,SI,SI,NO,NO,,
COLOMBIA,2008,LEY,NO,NO,NO,NO,NO,SI,SI,NO,NO,,LIMITA,DATOS PERSONALES,SI,SI,SI,SI,,
COLOMBIA,2009,LEY,SI,NO,NO,NO,NO,NO,SI,SI,NO,,PROMUEVE,DELITOS INFORMÁTICOS,,,,,,
COLOMBIA,2009,LEY,SI,SI,NO,NO,NO,NO,SI,NO,NO,,LIMITA,DATOS PERSONALES,NO,SI,NO,NO,,
COLOMBIA,2009,LEY,SI,NO,NO,NO,NO,SI,NO,NO,NO,,LIMITA,SEGURIDAD NACIONAL,SI,SI,SI,SI,,
COLOMBIA,2009,LEY,SI,NO,SI,NO,NO,NO,NO,NO,NO,,PROMUEVE,ACCESO A LA INFORMACIÓN,,,,,,
COLOMBIA,2009,LEY,SI,SI,NO,NO,NO,NO,NO,NO,NO,,LIMITA,SEGURIDAD NACIONAL,SI,SI,SI,SI,,
COLOMBIA,2009,LEY,SI,NO,NO,NO,NO,NO,NO,NO,NO,,PROMUEVE,DISCAPACIDAD,,,,,,
COLOMBIA,2009,LEY,SI,SI,NO,NO,NO,SI,SI,NO,NO,,LIMITA,PROTECCIÓN DE MENORES,SI,SI,SI,SI,,
COLOMBIA,2009,LEY,NO,NO,NO,SI,NO,NO,NO,NO,NO,,LIMITA,SALUD PÚBLICA,SI,SI,SI,SI,,
COLOMBIA,2009,LEY,SI,NO,NO,NO,NO,SI,SI,SI,SI,,LIMITA,PROTECCIÓN DE MENORES,SI,SI,SI,SI,,
COLOMBIA,2009,LEY,SI,SI,NO,NO,NO,SI,SI,NO,NO,,LIMITA,PROTECCIÓN DE MENORES,SI,SI,SI,SI,,
COLOMBIA,2009,LEY,NO,NO,NO,NO,NO,NO,NO,NO,NO,,PROMUEVE,DISCAPACIDAD,,,,,,
COLOMBIA,2009,LEY,SI,NO,NO,NO,NO,SI,NO,NO,NO,,LIMITA,ORDEN PÚBLICO,NO,SI,SI,NO,,
COLOMBIA,2009,LEY,SI,NO,NO,NO,NO,SI,NO,NO,NO,,LIMITA,ORDEN PÚBLICO,SI,SI,SI,SI,,
COLOMBIA,2010,LEY,NO,NO,NO,NO,NO,NO,SI,NO,NO,,PROMUEVE,LIBERTAD DE EXPRESIÓN,,,,,,
COLOMBIA,2010,LEY,SI,NO,NO,NO,NO,NO,NO,NO,NO,,PROMUEVE,DERECHOS DE AUTOR,,,,,,
COLOMBIA,2010,LEY,SI,SI,NO,NO,NO,NO,NO,NO,NO,,LIMITA,REPUTACIÓN Y HONOR,SI,NO,NO,NO,,
COLOMBIA,2010,LEY,SI,SI,NO,NO,NO,NO,NO,NO,NO,,LIMITA,SEGURIDAD NACIONAL,SI,SI,SI,SI,,
COLOMBIA,2010,LEY,SI,SI,NO,NO,NO,NO,NO,NO,NO,,LIMITA,SEGURIDAD NACIONAL,SI,SI,SI,SI,,
COLOMBIA,2010,LEY,SI,NO,NO,NO,NO,SI,NO,NO,NO,,LIMITA,ORDEN PÚBLICO,SI,SI,SI,SI,Seguridad Nacional,Acceso a la información
COLOMBIA,2010,LEY,SI,NO,NO,NO,NO,SI,NO,NO,NO,,LIMITA,ADMINISTRACIÓN DE JUSTICIA,SI,SI,SI,SI,,
COLOMBIA,2010,LEY,SI,NO,NO,NO,NO,SI,NO,NO,NO,,LIMITA,ADMINISTRACIÓN DE JUSTICIA,SI,SI,SI,SI,,
COLOMBIA,2010,LEY,SI,NO,NO,NO,NO,NO,NO,NO,NO,,PROMUEVE,LIBERTAD DE EXPRESIÓN,,,,,,
COLOMBIA,2011,LEY,SI,NO,NO,NO,NO,SI,NO,NO,NO,,LIMITA,ORDEN PÚBLICO,SI,SI,SI,SI,Derechos de terceros,
COLOMBIA,2011,LEY,SI,NO,NO,NO,NO,NO,NO,NO,NO,,PROMUEVE,ACCESO A LA INFORMACIÓN,,,,,,
COLOMBIA,2011,LEY,SI,NO,NO,NO,NO,SI,NO,NO,NO,,LIMITA,ACCESO A LA INFORMACIÓN,SI,NO,NO,NO,,
COLOMBIA,2011,LEY,NO,NO,NO,SI,NO,SI,NO,NO,NO,,LIMITA,DERECHOS DEL CONSUMIDOR,SI,SI,SI,SI,,
COLOMBIA,2011,LEY,SI,SI,NO,NO,NO,NO,SI,NO,NO,,LIMITA,DISCURSO DE ODIO,SI,SI,SI,SI,,
COLOMBIA,2011,LEY,SI,SI,NO,NO,NO,SI,NO,NO,NO,,LIMITA,ORDEN PÚBLICO,NO,SI,NO,NO,SEGURIDAD PÚBLICA,
COLOMBIA,2011,LEY,SI,SI,NO,NO,NO,SI,NO,NO,NO,,LIMITA,ORDEN PÚBLICO,NO,SI,NO,NO,SEGURIDAD PÚBLICA,
COLOMBIA,2011,LEY,SI,NO,NO,NO,NO,SI,NO,NO,NO,,LIMITA,ORDEN PÚBLICO,NO,SI,SI,NO,,
COLOMBIA,2011,LEY,SI,SI,NO,NO,NO,NO,SI,NO,NO,,LIMITA,IGUALDAD Y NO DISCRIMINACIÓN,SI,SI,SI,SI,,
COLOMBIA,2012,LEY,NO,NO,NO,NO,NO,SI,NO,NO,NO,,LIMITA,DERECHOS DE AUTOR,SI,SI,SI,SI,,
COLOMBIA,2012,LEY,NO,NO,NO,NO,NO,SI,NO,NO,NO,,LIMITA,DATOS PERSONALES,SI,SI,SI,SI,,
COLOMBIA,2012,LEY,SI,NO,NO,NO,NO,SI,SI,NO,NO,NO,LIMITA,DERECHOS DE AUTOR,SI,SI,NO,NO,,
COLOMBIA,2013,LEY,NO,NO,NO,NO,NO,NO,SI,NO,NO,,PROMUEVE,DISCAPACIDAD,,,,,,
ECUADOR,1997,LEY,SI,NO,NO,NO,NO,NO,SI,NO,NO,NO,Promueve,LIBERTAD DE EXPRESIÓN,,,,,,
ECUADOR,1998,LEY,SI,NO,NO,NO,NO,NO,SI,NO,NO,SI,Limita/Promueve,IGUALDAD Y NO DISCRIMINACIÓN,SI,SI,SI,SI,,
ECUADOR,1998,LEY,SI,NO,NO,NO,NO,NO,SI,SI,NO,NO,Limita/Promueve,DERECHOS DE AUTOR,SI,SI,NO,NO,,
ECUADOR,2002,LEY,,NO,NO,NO,NO,NO,NO,NO,NO,SI,Promueve,ACCESO A LA INFORMACIÓN,SI,SI,SI,SI,,
ECUADOR,2003,LEY,SI,NO,NO,NO,NO,NO,SI,NO,NO,SI,Limita/Promueve,PROTECCIÓN DE MENORES,SI,SI,SI,SI,,
ECUADOR,2006,LEY,SI,NO,NO,NO,NO,NO,SI,SI,NO,NO,Limita/Promueve,DERECHOS DE AUTOR,SI,SI,NO,NO,,
ECUADOR,2008,LEY,SI,NO,NO,NO,NO,SI,SI,SI,NO,SI,Limita/Promueve,PRIVACIDAD,SI,NO,NO,NO,,
ECUADOR,2009,LEY,SI,SI,NO,SI,NO,SI,SI,NO,NO,NO,Limita,DISCURSO DE ODIO,SI,SI,SI,SI,,
ECUADOR,2009,LEY,SI,NO,NO,SI,NO,NO,SI,NO,SI,NO,Limita,MORAL PÚBLICA,SI,SI,NO,NO,,
ECUADOR,2013,LEY,SI,NO,NO,SI,NO,SI,SI,SI,SI,NO,Limita,REPUTACIÓN Y HONOR,SI,NO,NO,NO,,
ECUADOR,2014,LEY,SI,NO,NO,SI,NO,SI,SI,SI,SI,NO,Limita,REPUTACIÓN Y HONOR,NO,SI,NO,NO,,
ECUADOR,2014,LEY,SI,SI,SI,NO,SI,SI,SI,SI,NO,,Limita,REPUTACIÓN Y HONOR,SI,SI,NO,NO,,
ECUADOR,2015,LEY,SI,NO,NO,SI,NO,SI,SI,SI,NO,NO,Limita,DERECHOS DE AUTOR,SI,SI,NO,NO,,
ECUADOR,2016,LEY,SI,NO,NO,SI,NO,SI,SI,SI,NO,NO,Limita,DERECHOS DE AUTOR,SI,SI,NO,NO,,
GUATEMALA,1966,LEY,NO,NO,NO,NO,NO,NO,NO,NO,NO,,PROMUEVE,LIBERTAD DE EXPRESIÓN,SI,SI,SI,SI,,
GUATEMALA,1985,LEY,SI,NO,NO,NO,NO,NO,SI,SI,NO,SI,LIMITA,LIBERTAD ELECTORAL,SI,SI,SI,SI,Publicidad oficial,
GUATEMALA,1997,LEY,NO,NO,NO,NO,NO,NO,NO,NO,NO,,LIMITA/PROMUEVE,PROMOCIÓN DE LA CULTURA,SI,SI,SI,SI,,
GUATEMALA,1998,LEY,SI,SI,NO,SI,NO,SI,NO,NO,NO,SI,LIMITA,DERECHOS DE AUTOR,SI,SI,SI,SI,,
GUATEMALA,2000,LEY,SI,NO,NO,NO,NO,SI,NO,NO,NO,SI,LIMITA,PROPIEDAD INTELECTUAL,SI,SI,SI,SI,,
GUATEMALA,2001,LEY,SI,NO,NO,NO,NO,SI,NO,NO,NO,NO,LIMITA,LIBERTAD DE EXPRESIÓN,SI,NO,NO,NO,,
GUATEMALA,2003,LEY,SI,NO,NO,NO,NO,SI ,NO,NO,NO,SI,LIMITA,PROTECCIÓN DE MENORES,SI,SI,SI,SI,,
GUATEMALA,2003,LEY,SI,NO,NO,SI,NO,SI ,NO,NO,NO,,LIMITA,DERECHOS DE TERCEROS,SI,NO,NO,NO,Acceso a la información,
GUATEMALA,2003,LEY,NO,NO,NO,NO,NO,NO,NO,NO,NO,SI,PROMUEVE,PROMOCIÓN DE LA CULTURA,SI,SI,SI,SI,,
GUATEMALA,2008,LEY,NO,NO,NO,SI,NO,NO,NO,NO,NO,,PROMUEVE,ACCESO A LA INFORMACIÓN,SI,SI,SI,SI,Datos personales,
GUATEMALA,2008,LEY,SI,SI,NO,NO,NO,SI ,NO,NO,NO,,LIMITA,SEGURIDAD NACIONAL,SI,SI,NO,NO,,
GUATEMALA,2008,LEY,SI,SI,NO,NO,NO,SI ,NO,NO,NO,SI,LIMITA,IGUALDAD Y NO DISCRIMINACIÓN,SI,SI,SI,SI,,
GUATEMALA,2017,LEY,SI,NO,NO,NO,NO,NO,NO,NO,NO,SI,LIMITA,PRIVACIDAD,SI,SI,SI,SI,,
MÉXICO,2018,LEY,No,No,No,No,No,Si,No,No,No,No,Limita,IGUALDAD Y NO DISCRIMINACIÓN,Si,Si,Si,Si,,
MÉXICO,2018,LEY,No,No,No,No,No,No,No,No,No,No,Limita,PUBLICIDAD OFICIAL,,,,,Acceso a la información,
MÉXICO,2007,LEY,SI,SI,NO,NO,NO,SI,SI,SI,NO,NO,Limita,EXPLOTACIÓN SEXUAL,NO,SI,SI,NO,,
MÉXICO,2007,LEY,SI,NO,SI,SI,NO,NO,NO,NO,NO,NO,Limita,REPUTACIÓN Y HONOR,NO,SI,SI,NO,,
MÉXICO,2007,LEY,SI,,SI,SI,NO,NO,NO,NO,NO,NO,Promueve,REPUTACIÓN Y HONOR,,,,,,
MÉXICO,2007,LEY,SI,,SI,SI,NO,NO,NO,NO,NO,NO,Promueve,REPUTACIÓN Y HONOR,,,,,,
MÉXICO,2011,LEY,SI,NO,NO,NO,NO,SI,SI,SI,NO,NO,Limita,VIOLENCIA DE GÉNERO,,SI,SI,NO,,
MÉXICO,2012,LEY,NO,SI,NO,NO,NO,SI,SI,NO,NO,NO,Limita,IGUALDAD Y NO DISCRIMINACIÓN,SI,SI,SI,SI,,
MÉXICO,2012,LEY,SI,SI,NO,SI,NO,SI,NO,NO,NO,NO,Promueve,REPUTACIÓN Y HONOR,SI,SI,SI,SI,,
MÉXICO,2012,LEY,NO,SI,NO,NO,NO,NO,NO,NO,NO,NO,Limita,REPUTACIÓN Y HONOR,NO,SI,NO,NO,,
MÉXICO,2012,LEY,NO,SI,NO,SI,NO,NO,NO,NO,NO,Np,Limita,REPUTACIÓN Y HONOR,SI,SI,SI,SI,,
MÉXICO,2014,LEY,NO,SI,NO,NO,NO,NO,NO,NO,NO,NO,Limita,REPUTACIÓN Y HONOR,NO,SI,NO,NO,,
MÉXICO,2014,LEY,SI,NO,NO,SI,NO,SI,SI,SI,SI,SI,Limita,IGUALDAD Y NO DISCRIMINACIÓN,NO,SI,SI,NO,,
MÉXICO,2014,LEY,NO,SI,NO,NO,NO,NO,NO,NO,NO,NO,Limita,SEGURIDAD NACIONAL,NO,SI,NO,NO,,
MÉXICO,2014,LEY,SI,NO,NO,SI,NO,NO,NO,NO,SI,NO,Promueve,IGUALDAD Y NO DISCRIMINACIÓN,SI,SI,SI,SI,,
MÉXICO,2015,LEY,NO,NO,SI,SI,NO,NO,NO,NO,NO,NO,Promueve,REPUTACIÓN Y HONOR,SI,SI,SI,SI,,
MÉXICO,2015,LEY,SI,NO,NO,NO,NO,NO,NO,NO,NO,NO,Promueve,DERECHOS DE AUTOR,SI,SI,SI,SI,,
MÉXICO,2016,LEY,SI,NO,NO,SI,NO,NO,NO,NO,NO,NO,Limita,DERECHOS DE AUTOR,NO,SI,SI,NO,,
MÉXICO,2017,LEY,SI,SI,NO,NO,NO,SI,SI,SI,SI,NO,Limita,MORAL PÚBLICA,NO,NO,SI,NO,,
PARAGUAY,1997,LEY,NO,SI,NO,NO,N/O,SI ,NO,NO,NO,SÍ,LIMITA,HONOR Y REPUTACIÓN,SI,SI,SI,SI,,
PARAGUAY,1997,LEY,NO,NO,NO,NO,NO,SI ,NO,NO,NO,,LIMITA,LIBERTAD DE REUNIÓN Y ASOCIACIÓN,SI,NO,NO,NO,Libertad electoral,
PARAGUAY,1997,LEY,NO,SI,NO,NO,NO,SI ,SI,NO,NO,SI,LIMITA,APOLOGÍA,SI,SI,SI,SI,,
PARAGUAY,1998,LEY,NO,NO,NO,SI,NO,SI ,NO,NO,NO,,PROMUEVE,DERECHOS DEL CONSUMIDOR,SI,SI,SI,SI,Acceso a la información,
PARAGUAY,2001,LEY,SI,NO,NO,SI,NO,NO,NO,NO,NO,,LIMITA,DATOS PERSONALES,SI,SI,SI,SI,,
PARAGUAY,2001,LEY,NO,NO,NO,NO,NO,NO,NO,NO,NO,SI,LIMITA,IGUALDAD Y NO DISCRIMINACIÓN,SI,SI,SI,SI,Violencia de género,
PARAGUAY,2001,LEY,SI,SI,NO,NO,NO,SI,SI,NO,NO,SI,LIMITA,PROTECCIÓN DE MENORES,SI,SI,SI,SI,,
PARAGUAY,2003,LEY,NO,SI,NO,NO,NO,SI,NO,NO,NO,SI,LIMITA,IGUALDAD Y NO DISCRIMINACIÓN,SI,SI,SI,SI,,
PARAGUAY,2006,LEY,NO,SI,NO,NO,NO,SI,SI,NO,NO,SI,LIMITA,PROTECCIÓN DE MENORES,SI,SI,SI,SI,,
PARAGUAY,2008,LEY,NO,NO,NO,NO,NO,NO,NO,NO,NO,SI,PROMUEVE,IGUALDAD Y NO DISCRIMINACIÓN,SI,SI,SI,SI,Discapacidad,
PARAGUAY,2010,LEY,NO,NO,NO,NO,NO,NO,NO ,NO,NO,,PROMUEVE,LIBERTAD DE EXPRESIÓN,SI,SI,SI,SI,Promoción de la cultura,
PARAGUAY,2010,LEY,SI,SI,NO,NO,NO,SI,NO,NO,NO,NO,LIMITA,SEGURIDAD NACIONAL,SI,SI,NO,NO,,
PARAGUAY,2011,LEY,NO,NO,NO,SI,NO,NO,SÍ,NO,NO,,LIMITA/PROMUEVE,IGUALDAD Y NO DISCRIMINACIÓN,SI,SI,SI,SI,Discapacidad,
PARAGUAY,2011,LEY,SI,SI,NO,NO,NO,SI,SÍ,SÍ,NO,SI,LIMITA,PROTECCIÓN DE MENORES,SI,SI,SI,SI,Delitos informáticos,
PARAGUAY,2011,LEY,SI,SI,NO,SI,NO,SI,NO,NO,NO,SI,LIMITA,LIBERTAD ELECTORAL,SI,SI,NO,NO,Libertad de reunión y asociación,
PARAGUAY,2012,LEY,NO,NO,NO,SI,NO,NO,SI,SI,SI,,LIMITA,RESPONSABILIDAD DE INTERMEDIARIOS,SI,SI,SI,SI,Derechos del consumidor,Comercio electrónico
PARAGUAY,2012,LEY,SI,SI,NO,SI,NO,SI,SI,NO,NO,SI,LIMITA,LIBERTAD ELECTORAL,SI,SI,SI,SI,Publicidad oficial,
PARAGUAY,2012,LEY,NO,NO,NO,NO,NO,SI,NO,NO,NO,SI,LIMITA,PROTECCIÓN DE MENORES,SI,SI,SI,SI,,
PARAGUAY,2012,LEY,NO,,,,,,,,,SI,PROMUEVE,ACCESO A INTERNET,SI,SI,SI,SI,,
PARAGUAY,2013,LEY,NO,,,,,,SI,NO,NO,,PROMUEVE,GOBIERNO ELECTRÓNICO,SI,SI,SI,SI,Acceso a la información,
PARAGUAY,2014,LEY,NO,NO,NO,NO,NO,NO,NO,NO,NO,SI,PROMUEVE,ACCESO A LA INFORMACIÓN,SI,SI,SI,SI,,
PARAGUAY,2014,LEY,NO,,,,,,,,,SI,PROMUEVE,ACCESO A LA INFORMACIÓN,SI,SI,SI,SI,,
PARAGUAY,2014,LEY,NO,NO,NO,NO,NO,NO,NO,NO,NO,,LIMITA,SEGURIDAD NACIONAL,SI,SI,NO,NO,,
PARAGUAY,2016,LEY,NO,NO,NO,NO,NO,NO,NO,NO,NO,SI,LIMITA/PROMUEVE,VIOLENCIA DE GÉNERO,SI,SI,SI,SI,,
PARAGUAY,2016,LEY,NO,NO,NO,SI,NO,SI,SI,SI,SI,SI,LIMITA,RESPONSABILIDAD DE INTERMEDIARIOS,SI,SI,SI,SI,Protección de menores,
PARAGUAY,2017,LEY,NO,NO,NO,SI,NO,NO,NO,NO,NO,SI,LIMITA,DERECHOS DEL CONSUMIDOR,SI,NO,NO,NO,,
PERÚ,2018,LEY,SI,SI,NO,NO,NO,SI,SI,NO,NO,NO,LIMITA,PUBLICIDAD OFICIAL,NO,NO,NO,NO,,
PERÚ,2018,LEY,NO,NO,NO,SI,NO,SI,NO,NO,NO,SI,LIMITA,SEGURIDAD NACIONAL,SI,NO,NO,NO,Apología,
PERÚ,1997,LEY,SI,NO,NO,NO,SI,NO,NO,NO,NO,,Promueve,LIBERTAD DE EXPRESIÓN,,,,,,
PERÚ,1997,LEY,NO,NO,NO,SI,NO,SI,NO,NO,NO,SI,Limita,REPUTACIÓN Y HONOR,SI,SI,SI,SI,,
PERÚ,1997,LEY,SI,NO,NO,NO,NO,NO,NO,NO,NO,SI,Limita,REPUTACIÓN Y HONOR,SI,SI,SI,SI,,
PERÚ,1999,LEY,SI,NO,NO,NO,NO,NO,NO,NO,NO,,Limita,REPUTACIÓN Y HONOR,,,,,,
PERÚ,1999,LEY,SI,NO,NO,NO,NO,NO,NO,NO,NO,,Limita,SEGURIDAD NACIONAL,,,,,,
PERÚ,2000,LEY,SI,SI,NO,NO,NO,SI,NO,NO,NO,SI,Limita,DISCURSO DE ODIO,SI,NO,NO,NO,,
PERÚ,2000,LEY,SI,NO,NO,NO,NO,NO,NO,NO,NO,,Limita,PRIVACIDAD,SI,SI,SI,SI,,
PERÚ,2001,LEY,SI,SI,NO,NO,NO,SI,NO,NO,NO,,Limita,MORAL PÚBLICA,SI,NO,NO,NO,,
PERÚ,2001,LEY,SI,NO,NO,NO,NO,NO,NO,NO,NO,,Limita,MORAL PÚBLICA,,,,,,
PERÚ,2002,LEY,SI,NO,NO,NO,NO,NO,NO,NO,NO,SI,Limita,ACCESO A LA INFORMACIÓN,SI,SI,SI,SI,,
PERÚ,2002,LEY,NO,NO,NO,NO,NO,NO,NO,NO,NO,SI,Limita,IGUALDAD Y NO DISCRIMINACIÓN,SI,SI,SI,SI,,
PERÚ,2002,LEY,SI,NO,NO,NO,NO,NO,NO,NO,NO,SI,Limita,SEGURIDAD NACIONAL,,,,,,
PERÚ,2002,LEY,SI,NO,NO,NO,NO,NO,NO,NO,NO,SI,Limita,DATOS PERSONALES,SI,SI,SI,SI,,
PERÚ,2003,LEY,SI,NO,NO,SI,NO,SI,NO,NO,NO,SI,Limita,VIOLENCIA DE GÉNERO,SI,SI,SI,SI,,
PERÚ,2003,LEY,SI,NO,SI,NO,NO,NO,NO,NO,NO,SI,Promueve,DESACATO,,,,,,
PERÚ,2003,LEY,SI,NO,NO,SI,NO,SI,NO,NO,NO,SI,Limita,LIBERTAD ELECTORAL,SI,SI,SI,SI,,
PERÚ,2003,LEY,SI,NO,NO,SI,NO,SI,SI,SI,NO,SI,Limita,PROTECCIÓN DE MENORES,SI,SI,NO,NO,,
PERÚ,2004,LEY,SI,SI,NO,NO,NO,SI,SI,SI,NO,SI,Limita,PRIVACIDAD,SI,NO,NO,NO,,
PERÚ,2006,LEY,SI,SI,NO,NO,NO,SI,NO,NO,NO,,Limita,IGUALDAD Y NO DISCRIMINACIÓN,SI,NO,NO,NO,,
PERÚ,2007,LEY,SI,NO,NO,SI,NO,SI,SI,SI,NO,SI,Limita,PROTECCIÓN DE MENORES,SI,NO,NO,NO,,
PERÚ,2009,LEY,SI,NO,NO,SI,NO,NO,NO,NO,NO,SI,Limita,VIOLENCIA DE GÉNERO,SI,SI,SI,SI,,
PERÚ,2010,LEY,SI,NO,NO,NO,NO,NO,NO,NO,NO,,Limita,ADMINISTRACIÓN DE JUSTICIA,SI,SI,SI,SI,,
PERÚ,2011,LEY,SI,NO,NO,SI,NO,SI,SI,NO,NO,SI,Limita,REPUTACIÓN Y HONOR,SI,SI,SI,SI,,
PERÚ,2011,LEY,SI,NO,NO,SI,NO,SI,SI,NO,SI,NO,Limita,DATOS PERSONALES,SI,NO,NO,NO,,
PERÚ,2012,LEY,SI,NO,NO,NO,NO,NO,NO,NO,NO,SI,Limita,SEGURIDAD NACIONAL,,,,,,
PERÚ,2013,LEY,SI,NO,NO,SI,NO,SI,NO,NO,NO,SI,Limita,SEGURIDAD NACIONAL,SI,SI,SI,SI,,
PERÚ,2013,LEY,SI,NO,NO,NO,NO,NO,NO,NO,NO,SI,Limita,VIOLENCIA DE GÉNERO,,,,,,
PERÚ,2013,LEY,SI,SI,NO,NO,NO,SI,NO,NO,NO,,Limita,MORAL PÚBLICA,SI,NO,SI,NO,,
PERÚ,2013,LEY,SI,SI,NO,SI,NO,SI,NO,NO,NO,,Limita,ADMINISTRACIÓN DE JUSTICIA,SI,SI,SI,SI,,
PERÚ,2013,LEY,SI,SI,NO,NO,NO,SI,SI,SI,NO,,Limita,DELITOS INFORMÁTICOS,SI,NO,NO,NO,,
PERÚ,2014,LEY,SI,SI,NO,NO,NO,SI,SI,SI,NO,,Limita,DELITOS INFORMÁTICOS,SI,NO,NO,NO,Protección de menores,
PERÚ,2014,LEY,NO,NO,NO,SI,NO,NO,NO,NO,SI,SI,Promueve,PROTECCIÓN DE MENORES,,,,,,
PERÚ,2015,LEY,NO,NO,NO,SI,NO,SI,NO,NO,NO,SI,Limita,PRIVACIDAD,SI,SI,SI,SI,,
PERÚ,2016,LEY,SI,NO,NO,SI,NO,SI,NO,NO,NO,SI,Limita,SEGURIDAD NACIONAL,SI,SI,SI,SI,,
COLOMBIA,2013,LEY,SI,NO,NO,NO,NO,SI,NO,NO,NO,,LIMITA,SEGURIDAD NACIONAL,SI,SI,SI,SI,,
COLOMBIA,2013,LEY,SI,NO,SI,NO,NO,NO,NO,NO,NO,,PROMUEVE,ACCESO A LA INFORMACIÓN,,,,,,
COLOMBIA,2014,LEY,NO,NO,NO,NO,NO,NO,NO,NO,NO,,PROMUEVE,ACCESO A LA INFORMACIÓN,,,,,,
COLOMBIA,2014,LEY,NO,NO,NO,NO,NO,SI,NO,NO,NO,,LIMITA,ORDEN PÚBLICO,SI,SI,SI,SI,,
COLOMBIA,2014,LEY,NO,NO,NO,NO,NO,SI,NO,NO,NO,,LIMITA,ORDEN PÚBLICO,SI,SI,NO,NO,,
COLOMBIA,2015,LEY,SI,NO,NO,NO,NO,SI,NO,NO,NO,,LIMITA Y PROMUEVE,ACCESO A LA INFORMACIÓN,SI,SI,SI,SI,,
COLOMBIA,2015,LEY,SI,NO,NO,NO,NO,SI,NO,NO,NO,,LIMITA,SEGURIDAD NACIONAL,SI,NO,NO,NO,ORDEN PÚBLICO,
COLOMBIA,2016,LEY,SI,NO,NO,NO,NO,SI,NO,NO,NO,,LIMITA,SEGURIDAD NACIONAL,SI,SI,SI,SI,,
COLOMBIA,2016,LEY,SI,NO,NO,NO,NO,SI,SI,NO,NO,,LIMITA,PROTECCIÓN DE MENORES,SI,SI,SI,SI,,
COLOMBIA,2016,LEY,SI,NO,NO,NO,NO,SI,NO,NO,NO,,LIMITA,SEGURIDAD NACIONAL,SI,SI,SI,SI,,
COLOMBIA,2016,LEY,SI,NO,NO,SI,NO,SI,NO,NO,NO,,LIMITA,PROTECCIÓN DE MENORES,SI,SI,SI,SI,,
COLOMBIA,2016,LEY,SI,NO,NO,NO,NO,SI,NO,NO,NO,,LIMITA,SEGURIDAD NACIONAL,NO,NO,NO,NO,,
COLOMBIA,2017,LEY,SI,NO,NO,NO,NO,NO,NO,NO,NO,,PROMUEVE,DERECHOS DE AUTOR,,,,,,
COLOMBIA,2017,LEY,SI,NO,NO,NO,NO,SI,NO,NO,NO,,LIMITA,SEGURIDAD NACIONAL,NO,SI,NO,NO,,
COLOMBIA,2017,LEY,SI,NO,NO,NO,NO,SI,NO,NO,NO,,LIMITA,SEGURIDAD NACIONAL,SI,SI,SI,SI,Reputación y honor,
COLOMBIA,2017,LEY,SI,NO,NO,NO,NO,SI,NO,NO,NO,,LIMITA,SEGURIDAD NACIONAL,NO,SI,NO,NO,Reputación y honor,
COLOMBIA,2017,LEY,SI,NO,NO,NO,NO,SI,NO,NO,NO,,LIMITA,ADMINISTRACIÓN DE JUSTICIA,SI,NO,NO,NO,Acceso a la información,
COLOMBIA,2018,LEY,SI,NO,NO,NO,NO,NO,SI,SI,NO,,PROMUEVE,LIBERTAD DE EXPRESIÓN,,,,,,
COLOMBIA,2018,LEY,SI,NO,NO,NO,NO,NO,NO,NO,NO,,PROMUEVE,,,,,,,
PARAGUAY,2018,LEY,SI,SI,NO,NO,NO,SI,SI,SI,SI,,LIMITA,PROTECCIÓN DE MENORES,SI,SI,SI,SI,,
PARAGUAY,2018,LEY,SÍ,NO,NO,NO,NO,NO,SI,NO,NO,NO,PROMUEVE,TELECOMUNICACIONES Y CONVERGENCIA,SI,SI,SI,SI,,
PARAGUAY,2018,LEY,NO,NO,NO,NO,NO,NO,NO,NO,NO,SI,PROMUEVE,PROMOCIÓN DE LA CULTURA,SI,SI,SI,SI,,
ARGENTINA,2018,PROYECTO,SI,NO,SI,SI,NO,SI,SI,NO,SI,,LIMITA,DATOS PERSONALES,SI,SI,NO,NO,,
ARGENTINA,2019,PROYECTO,NO,NO,NO,NO,NO,SI,SI,SI,SI,,LIMITA,DERECHOS DE AUTOR,NO,SI,NO,NO,,
ARGENTINA,2018,PROYECTO,SI,SI,NO,NO,NO,SI,SI,SI,NO,,LIMITA,PRIVACIDAD,NO,NO,NO,NO,Reputación y honor,
ARGENTINA,2018,PROYECTO,NO,NO,NO,NO,NO,NO,SI,NO,NO,,PROMUEVE,ACCESO A LA INFORMACIÓN,SI,SI,SI,SI,Administración de Justicia,
ARGENTINA,2018,PROYECTO,NO,NO,NO,NO,NO,NO,NO,NO,NO,,LIMITA,SEGURIDAD NACIONAL,SI,NO,NO,NO,,
ARGENTINA,2018,PROYECTO,NO,NO,NO,NO,NO,NO,NO,NO,NO,,PROMUEVE,PROTECCIÓN DE MENORES,SI,SI,SI,SI,,
ARGENTINA,2018,PROYECTO,NO,NO,NO,NO,NO,NO,SI,NO,NO,NO,LIMITA,IGUALDAD Y NO DISCRIMINACIÓN,NO,SI,NO,NO,,
ARGENTINA,2018,PROYECTO,NO,,,,,,SI,SI,NO,,LIMITA/PROMUEVE,ADMINISTRACIÓN DE JUSTICIA,,,,,,
ARGENTINA,2018,PROYECTO,NO,NO,NO,NO,NO,NO,SI,NO,NO,,PROMUEVE,IGUALDAD Y NO DISCRIMINACIÓN,NO,SI,NO,NO,,
ARGENTINA,2018,PROYECTO,SI,NO,NO,NO,NO,NO,NO,NO,NO,,PROMUEVE,ACCESO A LA INFORMACIÓN,SI,SI,SI,SI,Igualdad y no discriminación,
ARGENTINA,2018,PROYECTO,SI,SI,NO,NO,NO,SI,NO,NO,NO,,LIMITA,IGUALDAD Y NO DISCRIMINACIÓN,NO,SI,NO,NO,,
ARGENTINA,2018,PROYECTO,SI,NO,NO,NO,NO,NO,SI,NO,NO,,LIMITA,DERECHOS DEL CONSUMIDOR,SI,SI,SI,SI,,
ARGENTINA,2018,PROYECTO,NO,NO,NO,NO,NO,NO,SI,NO,NO,,LIMITA,IGUALDAD Y NO DISCRIMINACIÓN,SI,SI,SI,SI,,
ARGENTINA,2018,PROYECTO,SI,NO,NO,NO,NO,NO,NO,NO,NO,,PROMUEVE,LIBERTAD DE EXPRESIÓN,SI,SI,SI,SI,,
ARGENTINA,2018,PROYECTO,NO,NO,NO,NO,NO,NO,SI,NO,SI,,PROMUEVE,RESPONSABILIDAD DE INTERMEDIARIOS,SI,SI,SI,SI,Libertad de expresión,
ARGENTINA,2018,PROYECTO,SI,NO,NO,NO,SI,SI,SI,SI,NO,,LIMITA,PUBLICIDAD COMERCIAL,SI,NO,NO,NO,Derechos del consumidor,
ARGENTINA,2018,PROYECTO,NO,,,,,,SI,SI,NO,,LIMITA/PROMUEVE,ADMINISTRACIÓN DE JUSTICIA,,,,,,
ARGENTINA,2018,PROYECTO,NO,SI,NO,NO,NO,SI,NO,NO,NO,,LIMITA,PUBLICIDAD COMERCIAL,NO,NO,NO,NO,Liberad de conciencia,
ARGENTINA,2018,PROYECTO,SI,NO,NO,NO,NO,NO,NO,NO,NO,,LIMITA,DATOS PERSONALES,SI,SI,SI,SI,,
ARGENTINA,2018,PROYECTO,NO,NO,NO,NO,NO,NO,NO,NO,NO,,PROMUEVE,ACCESO A LA INFORMACIÓN,SI,SI,SI,SI,,
ARGENTINA,2018,PROYECTO,NO,NO,NO,NO,NO,NO,NO,NO,NO,,PROMUEVE,ACCESO A LA INFORMACIÓN,SI,SI,SI,SI,,
ARGENTINA,2018,PROYECTO,SI,NO,NO,NO,NO,SI,NO,NO,NO,,LIMITA,VIOLENCIA DE GÉNERO,SI,SI,SI,SI,Libertad electoral,
ARGENTINA,2018,PROYECTO,SI,NO,NO,NO,NO,NO,NO,NO,NO,,LIMITA,DATOS PERSONALES,SI,SI,SI,SI,,
ARGENTINA,2018,PROYECTO,NO,NO,NO,NO,NO,NO,SI,NO,NO,,PROMUEVE,ACCESO A LA INFORMACIÓN,SI,SI,SI,SI,,
ARGENTINA,2018,PROYECTO,SI,NO,NO,SI,NO,NO,NO,NO,NO,,LIMITA,PRIVACIDAD,SI,SI,SI,SI,,
ARGENTINA,2018,PROYECTO,NO,NO,,NO,NO,NO,NO,NO,NO,,LIMITA/PROMUEVE,PUBLICIDAD OFICIAL,SI,SI,SI,SI,Libertad electoral,
ARGENTINA,2018,PROYECTO,SI,NO,NO,NO,NO,NO,NO,NO,NO,,PROMUEVE,DERECHOS DEL CONSUMIDOR,SI,SI,SI,SI,Acceso a la información,
ARGENTINA,2018,PROYECTO,SI,NO,NO,NO,NO,SI,NO,NO,NO,,LIMITA,VIOLENCIA DE GÉNERO,SI,SI,SI,SI,Libertad electoral,
ARGENTINA,2018,PROYECTO,NO,NO,NO,NO,NO,NO,NO,NO,NO,,PROMUEVE,ACCESO A LA INFORMACIÓN,SI,SI,SI,SI,,
ARGENTINA,2018,PROYECTO,SI,NO,NO,NO,NO,NO,NO,NO,NO,,LIMITA,DERECHOS DEL CONSUMIDOR,SI,SI,SI,SI,,
ARGENTINA,2018,PROYECTO,NO,NO,NO,NO,NO,NO,NO,NO,SI,,PROMUEVE,RESPONSABILIDAD DE INTERMEDIARIOS,SI,SI,SI,SI,Libertad de expresión,
ARGENTINA,2018,PROYECTO,SI,NO,NO,NO,NO,SI,NO,NO,NO,,LIMITA,VIOLENCIA DE GÉNERO,SI,SI,SI,SI,Libertad electoral,
ARGENTINA,2018,PROYECTO,NO,,,,,,,,,,PROMUEVE,PROTECCIÓN DE MENORES,SI,SI,SI,SI,,
ARGENTINA,2018,PROYECTO,NO,NO,NO,NO,NO,NO,NO,NO,NO,,LIMITA/PROMUEVE,VIOLENCIA DE GÉNERO,SI,SI,SI,SI,,
ARGENTINA,2018,PROYECTO,NO,NO,NO,NO,NO,NO,SI,NO,NO,,LIMITA/PROMUEVE,VIOLENCIA DE GÉNERO,SI,SI,SI,SI,,
ARGENTINA,2018,PROYECTO,NO,NO,NO,NO,NO,NO,NO,NO,NO,,PROMUEVE,ACCESO A LA INFORMACIÓN,SI,SI,SI,SI,Violencia de género,Igualdad y no discriminción
ARGENTINA,2018,PROYECTO,NO,NO,NO,NO,NO,NO,NO,NO,NO,,PROMUEVE,IGUALDAD Y NO DISCRIMINACIÓN,SI,SI,SI,SI,Discapacidad,
ARGENTINA,2018,PROYECTO,NO,NO,NO,NO,NO,SI,NO,NO,NO,,LIMITA,LIBERTAD DE EXPRESIÓN,SI,NO,NO,NO,,
ARGENTINA,2018,PROYECTO,SI,SI,NO,NO,NO,SI,SI,SI,NO,,LIMITA,PROTECCIÓN DE MENORES,SI,SI,SI,SI,,
ARGENTINA,2018,PROYECTO,NO,SI,NO,NO,NO,SI,SI,SI,NO,,LIMITA,IGUALDAD Y NO DISCRIMINACIÓN,SI,SI,SI,SI,,
ARGENTINA,2018,PROYECTO,NO,NO,NO,SI,NO,SI,SI,NO,NO,,LIMITA,LIBERTAD DE EXPRESIÓN,NO,NO,NO,NO,Administración de Justicia,
ARGENTINA,2018,PROYECTO,NO,Si,NO,NO,NO,SI,NO,NO,NO,,LIMITA,IGUALDAD Y NO DISCRIMINACIÓN,SI,SI,SI,SI,,
ARGENTINA,2018,PROYECTO,NO,NO,NO,NO,NO,NO,NO,NO,NO,,PROMUEVE,LIBERTAD DE CONCIENCIA,SI,SI,SI,SI,,
ARGENTINA,2018,PROYECTO,SI,NO,NO,SI,NO,NO,NO,NO,NO,SI,LIMITA/PROMUEVE,LIBERTAD ELECTORAL,SI,SI,SI,SI,Publicidad Oficial,
ARGENTINA,2018,PROYECTO,SI,SI,NO,NO,NO,SI,SI,SI,NO,,LIMITA,PRIVACIDAD,NO,NO,NO,NO,Reputación y honor,
ARGENTINA,2018,PROYECTO,SI,SI,NO,NO,NO,SI,SI,SI,NO,,LIMITA,PRIVACIDAD,NO,NO,NO,NO,Reputación y honor,
ARGENTINA,2018,PROYECTO,SI,SI,NO,NO,NO,SI,SI,SI,NO,,LIMITA,PRIVACIDAD,NO,NO,NO,NO,Reputación y honor,
ARGENTINA,2012,PROYECTO,SI,NO,NO,NO,NO,NO,SI,NO,SI,,PROMUEVE,IGUALDAD Y NO DISCRIMINACIÓN,SI,SI,SI,SI,,
ARGENTINA,2012,PROYECTO,NO,NO,NO,NO,NO,NO,SI,NO,NO,,PROMUEVE,LIBERTAD DE EXPRESIÓN,SI,SI,SI,SI,,
ARGENTINA,2012,PROYECTO,SI,NO,NO,NO,NO,NO,NO,NO,NO,,PROMUEVE,LIBERTAD DE EXPRESIÓN,SI,SI,SI,SI,,
ARGENTINA,2012,PROYECTO,NO,NO,NO,NO,NO,NO,NO,NO,NO,,PROMUEVE,IGUALDAD Y NO DISCRIMINACIÓN,SI,SI,SI,SI,,
ARGENTINA,2012,PROYECTO,NO,NO,NO,NO,NO,NO,NO,NO,NO,,PROMUEVE,IGUALDAD Y NO DISCRIMINACIÓN,SI,SI,SI,SI,,
ARGENTINA,2012,PROYECTO,NO,NO,NO,NO,NO,NO,SI,NO,SI,,PROMUEVE,RESPONSABILIDAD DE INTERMEDIARIOS,SI,SI,SI,SI,,
ARGENTINA,2012,PROYECTO,SI,NO,NO,SI,NO,NO,SI,NO,SI,,PROMUEVE,LIBERTAD DE EXPRESIÓN,SI,SI,SI,SI,,
ARGENTINA,2012,PROYECTO,NO,NO,NO,NO,NO,SI,SI,NO,SI,,LIMITA,RESPONSABILIDAD DE INTERMEDIARIOS,SI,SI,SI,SI,,
ARGENTINA,2012,PROYECTO,NO,NO,NO,NO,NO,SI,SI,NO,NO,,LIMITA,PROTECCIÓN DE MENORES,SI,SI,SI,SI,,
ARGENTINA,2012,PROYECTO,NO,NO,NO,NO,NO,NO,NO,NO,NO,,PROMUEVE,LIBERTAD DE EXPRESIÓN,SI,SI,SI,SI,,
ARGENTINA,2013,PROYECTO,SI,NO,NO,NO,NO,NO,SI,NO,SI,,PROMUEVE,LIBERTAD DE EXPRESIÓN,SI,SI,SI,SI,,
ARGENTINA,2013,PROYECTO,SI,SI,NO,SI,NO,SI,NO,NO,NO,,LIMITA,VIOLENCIA DE GÉNERO,NO,SI,NO,NO,,
ARGENTINA,2013,PROYECTO,SI,SI,NO,NO,NO,SI,SI,SI,NO,,LIMITA,PRIVACIDAD,NO,SI,NO,NO,,
ARGENTINA,2013,PROYECTO,SI,SI,NO,NO,NO,SI,SI,NO,NO,,LIMITA,PROTECCIÓN DE MENORES,NO,SI,NO,NO,,
ARGENTINA,2013,PROYECTO,NO,NO,NO,NO,NO,NO,SI,NO,SI,,PROMUEVE,RESPONSABILIDAD DE INTERMEDIARIOS,SI,SI,SI,SI,,
ARGENTINA,2013,PROYECTO,SI,SI,NO,NO,NO,SI,SI,NO,NO,,LIMITA,PROTECCIÓN DE MENORES,NO,SI,NO,NO,,
ARGENTINA,2013,PROYECTO,SI,NO,NO,SI,NO,SI,NO,NO,NO,,LIMITA,IGUALDAD Y NO DISCRIMINACIÓN,NO,SI,SI,NO,,
ARGENTINA,2013,PROYECTO,SI,SI,NO,SI,NO,SI,NO,NO,NO,,LIMITA,IGUALDAD Y NO DISCRIMINACIÓN,NO,SI,NO,NO,,
ARGENTINA,2013,PROYECTO,SI,SI,NO,SI,NO,SI,NO,NO,NO,,LIMITA,IGUALDAD Y NO DISCRIMINACIÓN,NO,NO,NO,NO,,
ARGENTINA,2013,PROYECTO,SI,NO,NO,SI,NO,SI,NO,NO,NO,,LIMITA,IGUALDAD Y NO DISCRIMINACIÓN,NO,SI,NO,NO,,
ARGENTINA,2013,PROYECTO,NO,NO,NO,SI,NO,SI,SI,NO,NO,,LIMITA,EXPLOTACIÓN SEXUAL,SI,SI,SI,SI,,
ARGENTINA,2013,PROYECTO,NO,NO,NO,NO,NO,NO,NO,NO,NO,,PROMUEVE,LIBERTAD DE EXPRESIÓN,SI,SI,SI,SI,,
ARGENTINA,2014,PROYECTO,NO,NO,NO,NO,NO,NO,NO,NO,NO,,PROMUEVE,LIBERTAD DE EXPRESIÓN,SI,SI,SI,SI,,
ARGENTINA,2014,PROYECTO,NO,NO,NO,NO,NO,NO,SI,NO,SI,,PROMUEVE,RESPONSABILIDAD DE INTERMEDIARIOS,SI,SI,SI,SI,,
ARGENTINA,2014,PROYECTO,NO,NO,NO,SI,NO,NO,SI,NO,SI,,PROMUEVE,LIBERTAD DE EXPRESIÓN,SI,SI,SI,SI,,
ARGENTINA,2014,PROYECTO,NO,NO,NO,NO,NO,NO,SI,NO,NO,,PROMUEVE,RESPONSABILIDAD DE INTERMEDIARIOS,SI,SI,SI,SI,,
ARGENTINA,2014,PROYECTO,NO,NO,NO,NO,NO,NO,NO,NO,NO,,PROMUEVE,LIBERTAD DE EXPRESIÓN,SI,SI,SI,SI,,
ARGENTINA,2014,PROYECTO,NO,NO,NO,NO,NO,SI,SI,NO,NO,,LIMITA,PROTECCIÓN DE MENORES,SI,SI,SI,SI,,
ARGENTINA,2014,PROYECTO,SI,NO,NO,NO,NO,NO,NO,NO,NO,,PROMUEVE,REPUTACIÓN Y HONOR,SI,SI,SI,SI,,
ARGENTINA,2014,PROYECTO,NO,NO,NO,SI,NO,SI,SI,NO,SI,,LIMITA,IGUALDAD Y NO DISCRIMINACIÓN,NO,SI,NO,NO,,
ARGENTINA,2014,PROYECTO,NO,NO,NO,SI,NO,SI,SI,NO,SI,,LIMITA,IGUALDAD Y NO DISCRIMINACIÓN,NO,NO,NO,NO,,
ARGENTINA,2014,PROYECTO,NO,NO,NO,SI,NO,SI,SI,NO,SI,,LIMITA,REPUTACIÓN Y HONOR,NO,SI,NO,NO,,
ARGENTINA,2014,PROYECTO,SI,NO,NO,SI,NO,NO,SI,NO,SI,,PROMUEVE,LIBERTAD DE EXPRESIÓN,SI,SI,SI,SI,,
ARGENTINA,2014,PROYECTO,NO,NO,NO,NO,NO,NO,SI,NO,NO,,LIMITA,DATOS PERSONALES,NO,SI,NO,NO,,
ARGENTINA,2014,PROYECTO,NO,NO,NO,SI,NO,NO,SI,NO,SI,,PROMUEVE,RESPONSABILIDAD DE INTERMEDIARIOS,SI,SI,SI,SI,,
ARGENTINA,2014,PROYECTO,SI,SI,NO,SI,NO,SI,NO,NO,NO,,LIMITA,IGUALDAD Y NO DISCRIMINACIÓN,NO,SI,NO,NO,,
ARGENTINA,2015,PROYECTO,SI,NO,NO,NO,NO,NO,SI,NO,SI,,PROMUEVE,INSTIGACIÓN AL SUICIDIO Y AUTOLESIÓN,SI,SI,SI,SI,,
ARGENTINA,2015,PROYECTO,SI,SI,NO,NO,NO,SI,SI,SI,NO,,LIMITA,PRIVACIDAD,NO,SI,NO,NO,,
ARGENTINA,2015,PROYECTO,SI,NO,NO,SI,NO,SI,NO,NO,NO,,LIMITA,IGUALDAD Y NO DISCRIMINACIÓN,NO,NO,SI,NO,,
ARGENTINA,2015,PROYECTO,SI,NO,NO,NO,NO,SI,NO,NO,NO,,LIMITA,IGUALDAD Y NO DISCRIMINACIÓN,NO,SI,SI,NO,,
ARGENTINA,2015,PROYECTO,NO,NO,NO,NO,NO,SI,SI,NO,SI,,LIMITA,RESPONSABILIDAD DE INTERMEDIARIOS,NO,SI,SI,NO,,
ARGENTINA,2015,PROYECTO,SI,NO,NO,NO,NO,SI,SI,NO,SI,,LIMITA,DATOS PERSONALES,NO,SI,NO,NO,,
ARGENTINA,2015,PROYECTO,SI,SI,NO,SI,NO,SI,NO,NO,NO,,LIMITA,IGUALDAD Y NO DISCRIMINACIÓN,NO,NO,NO,NO,,
ARGENTINA,2015,PROYECTO,SI,SI,NO,SI,NO,SI,NO,NO,NO,,LIMITA,IGUALDAD Y NO DISCRIMINACIÓN,NO,SI,NO,NO,,
ARGENTINA,2015,PROYECTO,SI,NO,NO,SI,NO,SI,NO,NO,NO,,LIMITA,IGUALDAD Y NO DISCRIMINACIÓN,NO,SI,SI,NO,,
ARGENTINA,2015,PROYECTO,NO,NO,NO,NO,NO,NO,SI,NO,SI,,PROMUEVE,RESPONSABILIDAD DE INTERMEDIARIOS,SI,SI,SI,SI,,
ARGENTINA,2015,PROYECTO,SI,SI,NO,SI,NO,SI,NO,NO,NO,,LIMITA,VIOLENCIA DE GÉNERO,NO,SI,NO,NO,,
ARGENTINA,2015,PROYECTO,NO,NO,NO,NO,NO,SI,SI,NO,SI,,LIMITA,DATOS PERSONALES,NO,SI,NO,NO,,
ARGENTINA,2015,PROYECTO,NO,NO,NO,NO,NO,SI,SI,NO,SI,,LIMITA,DATOS PERSONALES,NO,SI,SI,NO,,
ARGENTINA,2015,PROYECTO,SI,NO,NO,NO,NO,SI,SI,NO,SI,,LIMITA,DATOS PERSONALES,NO,SI,SI,NO,,
ARGENTINA,2015,PROYECTO,SI,SI,NO,SI,NO,SI,NO,NO,NO,,LIMITA,IGUALDAD Y NO DISCRIMINACIÓN,NO,SI,NO,NO,,
ARGENTINA,2015,PROYECTO,SI,SI,NO,NO,NO,SI,SI,NO,NO,,LIMITA,PROTECCIÓN DE MENORES,NO,SI,NO,NO,,
ARGENTINA,2016,PROYECTO,NO,NO,NO,NO,NO,SI,SI,NO,NO,,LIMITA,PROTECCIÓN DE MENORES,SI,SI,SI,SI,,
ARGENTINA,2016,PROYECTO,SI,SI,NO,SI,NO,SI,NO,NO,NO,,LIMITA,IGUALDAD Y NO DISCRIMINACIÓN,NO,SI,NO,NO,,
ARGENTINA,2016,PROYECTO,SI,NO,NO,NO,NO,SI,NO,NO,NO,,LIMITA,IGUALDAD Y NO DISCRIMINACIÓN,NO,SI,NO,NO,,
ARGENTINA,2016,PROYECTO,SI,SI,NO,SI,NO,SI,NO,NO,NO,,LIMITA,IGUALDAD Y NO DISCRIMINACIÓN,NO,SI,NO,NO,,
ARGENTINA,2016,PROYECTO,SI,NO,NO,SI,NO,SI,NO,NO,NO,,LIMITA,IGUALDAD Y NO DISCRIMINACIÓN,NO,SI,SI,NO,,
ARGENTINA,2016,PROYECTO,NO,SI,NO,NO,NO,SI,SI,NO,NO,,LIMITA,PRIVACIDAD,NO,SI,NO,NO,,
ARGENTINA,2016,PROYECTO,SI,SI,NO,NO,NO,SI,NO,NO,NO,,LIMITA,IGUALDAD Y NO DISCRIMINACIÓN,NO,SI,NO,NO,,
ARGENTINA,2016,PROYECTO,SI,SI,NO,NO,NO,SI,SI,NO,NO,,LIMITA,PROTECCIÓN DE MENORES,NO,SI,NO,NO,,
ARGENTINA,2016,PROYECTO,SI,SI,NO,SI,NO,SI,NO,NO,NO,,LIMITA,IGUALDAD Y NO DISCRIMINACIÓN,NO,SI,NO,NO,,
ARGENTINA,2016,PROYECTO,SI,SI,NO,NO,NO,NO,NO,NO,NO,,PROMUEVE,LIBERTAD DE EXPRESIÓN,SI,SI,SI,SI,,
ARGENTINA,2016,PROYECTO,NO,SI,NO,NO,NO,SI,SI,NO,NO,,LIMITA,PRIVACIDAD,NO,SI,NO,NO,,
ARGENTINA,2016,PROYECTO,SI,NO,NO,SI,NO,SI,NO,NO,NO,,LIMITA,IGUALDAD Y NO DISCRIMINACIÓN,NO,NO,NO,NO,,
ARGENTINA,2016,PROYECTO,NO,NO,NO,NO,NO,SI,SI,NO,NO,,LIMITA,RESPONSABILIDAD LABORAL,SI,SI,SI,SI,,
ARGENTINA,2016,PROYECTO,SI,SI,NO,NO,NO,SI,NO,NO,NO,,LIMITA,IGUALDAD Y NO DISCRIMINACIÓN,NO,NO,NO,NO,,
ARGENTINA,2016,PROYECTO,NO,NO,NO,NO,NO,NO,NO,NO,NO,,PROMUEVE,LIBERTAD DE EXPRESIÓN,SI,SI,SI,SI,,
ARGENTINA,2016,PROYECTO,NO,NO,NO,NO,NO,NO,SI,NO,SI,,PROMUEVE,RESPONSABILIDAD DE INTERMEDIARIOS,SI,SI,SI,SI,,
ARGENTINA,2016,PROYECTO,NO,NO,NO,SI,NO,SI,SI,NO,NO,,LIMITA,PRIVACIDAD,NO,SI,NO,NO,,
ARGENTINA,2016,PROYECTO,SI,SI,NO,SI,NO,SI,NO,NO,NO,,LIMITA,IGUALDAD Y NO DISCRIMINACIÓN,NO,SI,NO,NO,,
ARGENTINA,2016,PROYECTO,SI,NO,NO,NO,NO,SI,NO,NO,NO,,LIMITA,REPUTACIÓN Y HONOR,NO,SI,SI,NO,,
ARGENTINA,2016,PROYECTO,NO,NO,NO,SI,NO,SI,SI,NO,SI,,LIMITA,PROTECCIÓN DE MENORES,NO,SI,NO,NO,,
ARGENTINA,2016,PROYECTO,SI,NO,NO,NO,NO,SI,SI,NO,SI,,LIMITA,LESIÓN DE DERECHOS,NO,SI,SI,NO,,
ARGENTINA,2016,PROYECTO,SI,NO,NO,SI,NO,SI,NO,NO,NO,,LIMITA,IGUALDAD Y NO DISCRIMINACIÓN,NO,SI,SI,NO,,
ARGENTINA,2016,PROYECTO,SI,SI,NO,NO,NO,SI,NO,NO,NO,,LIMITA,APOLOGÍA,NO,SI,NO,NO,,
ARGENTINA,2016,PROYECTO,NO,NO,NO,NO,NO,SI,SI,NO,SI,,LIMITA,RESPONSABILIDAD DE INTERMEDIARIOS,NO,SI,SI,NO,,
ARGENTINA,2017,PROYECTO,SI,NO,NO,NO,NO,NO,SI,NO,SI,,PROMUEVE,LIBERTAD DE EXPRESIÓN,SI,SI,SI,SI,,
ARGENTINA,2017,PROYECTO,SI,SI,NO,SI,NO,SI,NO,NO,NO,,LIMITA,IGUALDAD Y NO DISCRIMINACIÓN,NO,NO,NO,NO,,
ARGENTINA,2017,PROYECTO,SI,NO,NO,NO,NO,SI,SI,NO,SI,,LIMITA,DATOS PERSONALES,NO,SI,NO,NO,,
ARGENTINA,2017,PROYECTO,NO,NO,NO,NO,NO,SI,SI,NO,SI,,LIMITA,DATOS PERSONALES,NO,SI,SI,NO,,
ARGENTINA,2017,PROYECTO,NO,NO,NO,SI,NO,SI,SI,NO,SI,,LIMITA,DATOS PERSONALES,NO,SI,NO,NO,Responsabilidad de intermediarios,
ARGENTINA,2017,PROYECTO,SI,SI,NO,NO,NO,SI,SI,SI,NO,,LIMITA,APOLOGÍA,NO,SI,NO,NO,,
ARGENTINA,2017,PROYECTO,SI,SI,NO,NO,NO,NO,NO,NO,NO,,PROMUEVE,LIBERTAD DE EXPRESIÓN,SI,SI,SI,SI,,
ARGENTINA,2017,PROYECTO,SI,NO,NO,SI,NO,NO,NO,NO,NO,,PROMUEVE,LIBERTAD DE EXPRESIÓN,SI,SI,SI,SI,,
ARGENTINA,2017,PROYECTO,SI,SI,NO,NO,NO,SI,SI,NO,NO,,LIMITA,DATOS PERSONALES,NO,NO,NO,NO,,
ARGENTINA,2017,PROYECTO,NO,NO,NO,NO,NO,SI,NO,NO,NO,,LIMITA,VIOLENCIA DE GÉNERO,NO,SI,SI,NO,,
ARGENTINA,2017,PROYECTO,NO,NO,NO,SI,NO,SI,NO,NO,NO,,LIMITA,VIOLENCIA DE GÉNERO,NO,SI,SI,NO,,
ARGENTINA,2017,PROYECTO,SI,NO,NO,NO,NO,SI,NO,NO,NO,,LIMITA,VIOLENCIA DE GÉNERO,NO,SI,SI,NO,,
ARGENTINA,2015,PROYECTO,NO,NO,NO,SI,NO,SI,NO,NO,NO,,LIMITA,VIOLENCIA DE GÉNERO,NO,SI,SI,NO,,
ARGENTINA,2015,PROYECTO,SI,NO,NO,NO,NO,SI,NO,NO,NO,,LIMITA,VIOLENCIA DE GÉNERO,NO,SI,SI,NO,,
ARGENTINA,2012,PROYECTO,NO,NO,NO,NO,NO,SI,SI,NO,NO,,LIMITA,PROTECCIÓN DE MENORES,SI,SI,SI,SI,,
ARGENTINA,2012,PROYECTO,NO,NO,NO,NO,NO,SI,NO,NO,NO,,LIMITA,PROTECCIÓN DE MENORES,SI,SI,SI,SI,,
ARGENTINA,2012,PROYECTO,NO,NO,NO,NO,NO,SI,NO,NO,NO,,LIMITA,PROTECCIÓN DE MENORES,SI,SI,SI,SI,,
ARGENTINA,2013,PROYECTO,SI,NO,NO,NO,NO,SI,NO,NO,NO,,LIMITA,PROTECCIÓN DE MENORES,SI,SI,SI,SI,,
ARGENTINA,2013,PROYECTO,NO,NO,NO,NO,NO,SI,NO,NO,NO,,LIMITA,PROTECCIÓN DE MENORES,SI,SI,SI,SI,,
ARGENTINA,2013,PROYECTO,SI,SI,NO,NO,NO,SI,SI,NO,NO,,LIMITA,PROTECCIÓN DE MENORES,NO,SI,NO,NO,,
ARGENTINA,2013,PROYECTO,SI,SI,NO,NO,NO,SI,SI,NO,NO,,LIMITA,PROTECCIÓN DE MENORES,NO,SI,NO,NO,,
ARGENTINA,2015,PROYECTO,SI,SI,NO,NO,NO,SI,SI,NO,NO,,LIMITA,PROTECCIÓN DE MENORES,NO,SI,NO,NO,,
ARGENTINA,2017,PROYECTO,SI,NO,NO,SI,NO,SI,SI,NO,NO,,LIMITA,VIOLENCIA DE GÉNERO,SI,SI,SI,SI,,
ARGENTINA,2017,PROYECTO,SI,SI,NO,NO,NO,SI,SI,NO,NO,,LIMITA,PROTECCIÓN DE MENORES,NO,SI,NO,NO,,
ARGENTINA,2012,PROYECTO,NO,NO,NO,NO,NO,NO,NO,NO,NO,,PROMUEVE,ACCESO A LA INFORMACIÓN,SI,SI,SI,SI,,
ARGENTINA,2012,PROYECTO,NO,NO,NO,NO,NO,NO,NO,NO,NO,,PROMUEVE,ACCESO A LA INFORMACIÓN,SI,SI,SI,SI,,
ARGENTINA,2012,PROYECTO,NO,NO,NO,NO,NO,NO,NO,NO,NO,,PROMUEVE,ACCESO A LA INFORMACIÓN,SI,SI,SI,SI,,
ARGENTINA,2013,PROYECTO,NO,NO,NO,NO,NO,NO,NO,NO,NO,,PROMUEVE,ACCESO A LA INFORMACIÓN,SI,SI,SI,SI,,
ARGENTINA,2014,PROYECTO,NO,NO,NO,NO,NO,NO,NO,NO,NO,,PROMUEVE,ACCESO A LA INFORMACIÓN,SI,SI,SI,SI,,
ARGENTINA,2014,PROYECTO,NO,NO,NO,NO,NO,NO,NO,NO,NO,,PROMUEVE,PROTECCIÓN DE MENORES,SI,SI,SI,SI,,
ARGENTINA,2014,PROYECTO,NO,NO,NO,NO,NO,NO,NO,NO,NO,,PROMUEVE,ACCESO A LA INFORMACIÓN,SI,SI,SI,SI,,
ARGENTINA,2014,PROYECTO,NO,NO,NO,NO,NO,NO,NO,NO,NO,,PROMUEVE,ACCESO A LA INFORMACIÓN,SI,SI,SI,SI,,
ARGENTINA,2014,PROYECTO,NO,NO,NO,NO,NO,NO,NO,NO,NO,,PROMUEVE,PROTECCIÓN DE MENORES,SI,SI,SI,SI,,
ARGENTINA,2015,PROYECTO,NO,NO,NO,NO,NO,NO,NO,NO,NO,,PROMUEVE,ACCESO A LA INFORMACIÓN,SI,SI,SI,SI,,
ARGENTINA,2015,PROYECTO,NO,NO,NO,NO,NO,NO,NO,NO,NO,,PROMUEVE,IDENTIDAD,SI,SI,SI,SI,,
ARGENTINA,2015,PROYECTO,NO,NO,NO,NO,NO,NO,NO,NO,NO,,PROMUEVE,ACCESO A LA INFORMACIÓN,SI,SI,SI,SI,,
ARGENTINA,2016,PROYECTO,NO,NO,NO,NO,NO,NO,NO,NO,NO,,PROMUEVE,PROTECCIÓN DE MENORES,SI,SI,SI,SI,,
ARGENTINA,2016,PROYECTO,NO,NO,NO,NO,NO,NO,NO,NO,NO,,PROMUEVE,ACCESO A LA INFORMACIÓN,SI,SI,SI,SI,,
ARGENTINA,2016,PROYECTO,NO,NO,NO,NO,NO,NO,NO,NO,NO,,PROMUEVE,ACCESO A LA INFORMACIÓN,SI,SI,SI,SI,,
ARGENTINA,2016,PROYECTO,NO,NO,NO,NO,NO,NO,NO,NO,NO,,PROMUEVE,ACCESO A LA INFORMACIÓN,SI,SI,SI,SI,,
ARGENTINA,2016,PROYECTO,NO,NO,NO,NO,NO,NO,NO,NO,NO,,PROMUEVE,SEGURIDAD NACIONAL,SI,SI,SI,SI,,
ARGENTINA,2016,PROYECTO,NO,NO,NO,NO,NO,NO,NO,NO,NO,,PROMUEVE,ACCESO A LA INFORMACIÓN,SI,SI,SI,SI,,
ARGENTINA,2016,PROYECTO,NO,NO,NO,NO,NO,NO,NO,NO,NO,,PROMUEVE,ACCESO A LA INFORMACIÓN,SI,SI,SI,SI,,
ARGENTINA,2016,PROYECTO,NO,NO,NO,NO,NO,NO,NO,NO,NO,,PROMUEVE,ACCESO A LA INFORMACIÓN,SI,SI,SI,SI,,
ARGENTINA,2016,PROYECTO,NO,NO,NO,NO,NO,NO,NO,NO,NO,,PROMUEVE,ACCESO A LA INFORMACIÓN,SI,SI,SI,SI,,
ARGENTINA,2016,PROYECTO,NO,NO,NO,NO,NO,NO,NO,NO,NO,,PROMUEVE,ACCESO A LA INFORMACIÓN,SI,SI,SI,SI,,
ARGENTINA,2017,PROYECTO,NO,NO,NO,NO,NO,SI,SI,NO,NO,,LIMITA,PROTECCIÓN DE MENORES,SI,SI,NO,NO,,
ARGENTINA,2017,PROYECTO,NO,NO,NO,NO,NO,SI,SI,NO,NO,,LIMITA,PROTECCIÓN DE MENORES,NO,SI,NO,NO,,
ARGENTINA,2016,PROYECTO,NO,NO,NO,NO,NO,NO,NO,NO,NO,,PROMUEVE,REPUTACIÓN Y HONOR,SI,SI,SI,SI,,
ARGENTINA,2016,PROYECTO,NO,NO,NO,SI,NO,SI,NO,NO,NO,,LIMITA,PROTECCIÓN DE MENORES,NO,SI,NO,NO,,
ARGENTINA,2015,PROYECTO,NO,NO,NO,SI,NO,SI,NO,NO,NO,,LIMITA,EXPLOTACIÓN SEXUAL,NO,SI,SI,NO,,
ARGENTINA,2012,PROYECTO,NO,NO,NO,NO,NO,NO,NO,NO,NO,,PROMUEVE,ACCESO A LA INFORMACIÓN,SI,SI,SI,SI,,
ARGENTINA,2012,PROYECTO,NO,NO,NO,NO,NO,NO,NO,NO,NO,,PROMUEVE,ACCESO A LA INFORMACIÓN,SI,SI,SI,SI,,
ARGENTINA,2012,PROYECTO,NO,NO,NO,SI,NO,NO,SI,NO,SI,,PROMUEVE,NEUTRALIDAD DE LA RED,SI,SI,SI,SI,,
ARGENTINA,2013,PROYECTO,NO,NO,NO,SI,NO,SI,NO,NO,NO,,LIMITA,EXPLOTACIÓN SEXUAL,SI,SI,NO,NO,,
ARGENTINA,2013,PROYECTO,NO,NO,NO,NO,NO,NO,SI,NO,SI,,PROMUEVE,NEUTRALIDAD DE LA RED,SI,SI,SI,SI,,
ARGENTINA,2013,PROYECTO,NO,NO,NO,SI,NO,NO,SI,NO,SI,,PROMUEVE,NEUTRALIDAD DE LA RED,SI,SI,SI,SI,,
ARGENTINA,2013,PROYECTO,NO,NO,NO,SI,NO,NO,SI,NO,SI,,PROMUEVE,NEUTRALIDAD DE LA RED,SI,SI,SI,SI,,
ARGENTINA,2013,PROYECTO,NO,NO,NO,NO,NO,NO,SI,NO,SI,,PROMUEVE,NEUTRALIDAD DE LA RED,SI,SI,SI,SI,,
ARGENTINA,2014,PROYECTO,NO,NO,NO,NO,NO,NO,NO,NO,NO,,PROMUEVE,ACCESO A LA INFORMACIÓN,SI,SI,SI,SI,,
ARGENTINA,2014,PROYECTO,NO,NO,NO,NO,NO,NO,NO,NO,NO,,PROMUEVE,ACCESO A LA INFORMACIÓN,SI,SI,SI,SI,,
ARGENTINA,2014,PROYECTO,NO,NO,NO,SI,NO,SI,SI,NO,SI,,LIMITA,RESPONSABILIDAD DE INTERMEDIARIOS,SI,SI,NO,NO,,
ARGENTINA,2014,PROYECTO,NO,SI,NO,NO,NO,SI,NO,NO,NO,,LIMITA,RESPONSABILIDAD DE INTERMEDIARIOS,NO,SI,NO,NO,,
ARGENTINA,2015,PROYECTO,NO,NO,NO,NO,NO,NO,SI,NO,SI,,PROMUEVE,RESPONSABILIDAD DE INTERMEDIARIOS,SI,SI,SI,SI,,
ARGENTINA,2016,PROYECTO,SI,NO,NO,NO,NO,NO,NO,NO,NO,,PROMUEVE,ACCESO A LA INFORMACIÓN,SI,SI,SI,SI,,
ARGENTINA,2016,PROYECTO,NO,NO,NO,NO,NO,NO,NO,NO,NO,,PROMUEVE,ACCESO A LA INFORMACIÓN,SI,SI,SI,SI,,
ARGENTINA,2016,PROYECTO,NO,NO,NO,NO,NO,NO,NO,NO,NO,,PROMUEVE,ACCESO A LA INFORMACIÓN,SI,SI,SI,SI,,
ARGENTINA,2016,PROYECTO,NO,NO,NO,NO,NO,NO,NO,NO,NO,,PROMUEVE,ACCESO A LA INFORMACIÓN,SI,SI,SI,SI,,
ARGENTINA,2016,PROYECTO,NO,NO,NO,NO,NO,NO,NO,NO,NO,,PROMUEVE,ACCESO A LA INFORMACIÓN,SI,SI,SI,SI,,
ARGENTINA,2016,PROYECTO,NO,NO,NO,NO,NO,NO,NO,NO,NO,,PROMUEVE,ACCESO A LA INFORMACIÓN,SI,SI,SI,SI,,
ARGENTINA,2015,PROYECTO,NO,NO,NO,NO,NO,NO,NO,NO,NO,,PROMUEVE,ACCESO A LA INFORMACIÓN,SI,SI,SI,SI,,
ARGENTINA,2015,PROYECTO,NO,NO,NO,NO,NO,NO,NO,NO,NO,,PROMUEVE,ACCESO A LA INFORMACIÓN,SI,SI,SI,SI,,
ARGENTINA,2015,PROYECTO,NO,NO,NO,NO,NO,NO,NO,NO,NO,,PROMUEVE,ACCESO A LA INFORMACIÓN,SI,SI,SI,SI,,
ARGENTINA,2015,PROYECTO,NO,NO,NO,NO,NO,NO,NO,NO,NO,,PROMUEVE,ACCESO A LA INFORMACIÓN,SI,SI,SI,SI,,
ARGENTINA,2015,PROYECTO,NO,NO,NO,NO,NO,NO,NO,NO,NO,,PROMUEVE,ACCESO A LA INFORMACIÓN,SI,SI,SI,SI,,
ARGENTINA,2014,PROYECTO,NO,NO,NO,NO,NO,NO,NO,NO,NO,,PROMUEVE,ACCESO A LA INFORMACIÓN,SI,SI,SI,SI,,
ARGENTINA,2014,PROYECTO,NO,NO,NO,NO,NO,NO,NO,NO,NO,,PROMUEVE,ACCESO A LA INFORMACIÓN,SI,SI,SI,SI,,
ARGENTINA,2014,PROYECTO,NO,NO,NO,NO,NO,NO,NO,NO,NO,,PROMUEVE,ACCESO A LA INFORMACIÓN,SI,SI,SI,SI,,
ARGENTINA,2014,PROYECTO,NO,NO,NO,NO,NO,NO,NO,NO,NO,,PROMUEVE,ACCESO A LA INFORMACIÓN,SI,SI,SI,SI,,
ARGENTINA,2014,PROYECTO,NO,NO,NO,NO,NO,NO,NO,NO,NO,,PROMUEVE,ACCESO A LA INFORMACIÓN,SI,SI,SI,SI,,
ARGENTINA,2014,PROYECTO,NO,NO,NO,NO,NO,NO,NO,NO,NO,,PROMUEVE,ACCESO A LA INFORMACIÓN,SI,SI,SI,SI,,
ARGENTINA,2014,PROYECTO,NO,NO,NO,NO,NO,NO,NO,NO,NO,,PROMUEVE,ACCESO A LA INFORMACIÓN,SI,SI,SI,SI,,
ARGENTINA,2014,PROYECTO,NO,NO,NO,NO,NO,NO,NO,NO,NO,,PROMUEVE,ACCESO A LA INFORMACIÓN,SI,SI,SI,SI,,
ARGENTINA,2013,PROYECTO,NO,NO,NO,NO,NO,NO,NO,NO,NO,,PROMUEVE,ACCESO A LA INFORMACIÓN,SI,SI,SI,SI,,
ARGENTINA,2013,PROYECTO,NO,NO,NO,NO,NO,NO,NO,NO,NO,,PROMUEVE,ACCESO A LA INFORMACIÓN,SI,SI,SI,SI,,
ARGENTINA,2013,PROYECTO,NO,NO,NO,NO,NO,NO,NO,NO,NO,,PROMUEVE,ACCESO A LA INFORMACIÓN,SI,SI,SI,SI,,
ARGENTINA,2012,PROYECTO,NO,NO,NO,NO,NO,NO,NO,NO,NO,,PROMUEVE,ACCESO A LA INFORMACIÓN,SI,SI,SI,SI,,
ARGENTINA,2012,PROYECTO,NO,NO,NO,NO,NO,NO,NO,NO,NO,,PROMUEVE,ACCESO A LA INFORMACIÓN,SI,SI,SI,SI,,
ARGENTINA,2012,PROYECTO,NO,NO,NO,NO,NO,NO,NO,NO,NO,,PROMUEVE,ACCESO A LA INFORMACIÓN,SI,SI,SI,SI,,
ARGENTINA,2012,PROYECTO,NO,NO,NO,NO,NO,NO,NO,NO,NO,,PROMUEVE,ACCESO A LA INFORMACIÓN,SI,SI,SI,SI,,
ARGENTINA,2012,PROYECTO,NO,NO,NO,NO,NO,NO,NO,NO,NO,,PROMUEVE,ACCESO A LA INFORMACIÓN,SI,SI,SI,SI,,
ARGENTINA,2012,PROYECTO,NO,NO,NO,NO,NO,NO,NO,NO,NO,,PROMUEVE,ACCESO A LA INFORMACIÓN,SI,SI,SI,SI,,
ARGENTINA,2017,PROYECTO,NO,NO,NO,NO,NO,SI,SI,NO,NO,,LIMITA,DERECHOS DE TERCEROS,NO,SI,NO,NO,,
CHILE,2008,PROYECTO,NO,SI,NO,SI,NO,SI,SI,SI,NO,,LIMITA,PROTECCIÓN DE MENORES,SI,SI,NO,NO,Privacidad,
CHILE,2008,PROYECTO,SI,NO,NO,SI,NO,SI,SI,SI,NO,NO,LIMITA,DERECHOS DE AUTOR,NO,NO,NO,NO,,
CHILE,2014,PROYECTO,SI,SI,NO,SI,NO,SI,SI,SI,SI,,LIMITA,PRIVACIDAD,NO,NO,NO,NO,Reputación y honor,
CHILE,2014,PROYECTO,SI,NO,NO,NO,NO,NO,SI,SI,SI,NO,PROMUEVE,LIBERTAD DE PRENSA,SI,SI,SI,SI,,
COLOMBIA,2012,PROYECTO,SI,SI,NO,SI,NO,SI,SI,NO,NO,NO,LIMITA,DERECHOS DE AUTOR,SI,SI,NO,NO,,
COLOMBIA,2012,PROYECTO,SI,NO,NO,NO,NO,SI,NO,NO,NO,,LIMITA,PROTECCIÓN DE MENORES,SI,SI,SI,SI,,
ECUADOR,2014,PROYECTO,SI,SI,NO,SI,NO,SI,SI,SI,NO,NO,LIMITA,DERECHOS DE AUTOR,SI,SI,NO,NO,,
ECUADOR,2015,PROYECTO,SI,NO,NO,NO,SI,NO,NO,NO,NO,,PROMUEVE,LIBERTAD DE EXPRESIÓN,SI,SI,SI,SI,,
ECUADOR,2015,PROYECTO,SI,NO,NO,NO,NO,NO,SI,NO,SI,,PROMUEVE,LIBERTAD DE EXPRESIÓN,SI,SI,SI,SI,,
ECUADOR,2016,PROYECTO,SI,NO,NO,NO,NO,NO,NO,NO,NO,,PROMUEVE,LIBERTAD DE EXPRESIÓN,SI,SI,SI,SI,,
ECUADOR,2016,PROYECTO,SI,NO,SI,NO,NO,NO,NO,NO,NO,,PROMUEVE,LIBERTAD DE EXPRESIÓN,SI,SI,SI,SI,,
ECUADOR,2016,PROYECTO,SI,NO,NO,SI,NO,SI,SI,SI,SI,NO,LIMITA,DATOS PERSONALES,SI,SI,NO,NO,,
ECUADOR,2016,PROYECTO,SI,NO,NO,SI,NO,SI,SI,NO,NO,NO,LIMITA,IGUALDAD Y NO DISCRIMINACIÓN,SI,SI,NO,NO,,
ECUADOR,2017,PROYECTO,SI,NO,NO,NO,SI,SI,NO,NO,NO,,PROMUEVE,LIBERTAD DE EXPRESIÓN,SI,SI,SI,SI,,
ECUADOR,2017,PROYECTO,SI,NO,NO,NO,SI,NO,NO,NO,NO,,PROMUEVE,LIBERTAD DE EXPRESIÓN,SI,SI,SI,SI,,
ECUADOR,2017,PROYECTO,SI,NO,NO,NO,NO,NO,SI,NO,SI,NO,PROMUEVE,LIBERTAD DE EXPRESIÓN,SI,SI,SI,SI,,
ECUADOR,2017,PROYECTO,SI,NO,NO,NO,NO,SI,SI,NO,NO,N/S,LIMITA,IGUALDAD Y NO DISCRIMINACIÓN,SI,SI,SI,SI,,
ECUADOR,2017,PROYECTO,SI,NO,NO,NO,NO,SI,NO,NO,NO,NO,LIMITA,ORDEN PÚBLICO,SI,SI,SI,SI,,
ECUADOR,2017,PROYECTO,SI,NO,NO,SI,NO,SI,SI,SI,SI,NO,LIMITA,DISCURSO DE ODIO,SI,NO,NO,NO,,
ECUADOR,2017,PROYECTO,SI,NO,NO,NO,SI,NO,SI,NO,NO,,PROMUEVE,LIBERTAD DE EXPRESIÓN,SI,SI,SI,SI,,
ECUADOR,2017,PROYECTO,SI,NO,SI,NO,NO,NO,SI,NO,NO,,PROMUEVE,NOTICIAS FALSAS,SI,SI,SI,SI,,
ECUADOR,2017,PROYECTO,SI,NO,SI,NO,NO,NO,NO,NO,NO,,PROMUEVE,LIBERTAD DE EXPRESIÓN,SI,SI,SI,SI,,
ARGENTINA,2018,PROYECTO,NO,NO,NO,SI,NO,SI,NO,NO,NO,,LIMITA/PROMUEVE,PUBLICIDAD OFICIAL,SI,SI,SI,SI,,
ARGENTINA,2018,PROYECTO,NO,NO,NO,SI,NO,NO,SI,NO,SI,,LIMITA,PRIVACIDAD,SI,SI,NO,NO,,
ARGENTINA,2018,PROYECTO,SI,NO,NO,NO,NO,NO,NO,NO,NO,,PROMUEVE,ACCESO A LA INFORMACIÓN,SI,SI,SI,SI,,
ARGENTINA,2018,PROYECTO,SI,NO,NO,NO,NO,NO,NO,NO,NO,,PROMUEVE,ACCESO A LA INFORMACIÓN,SI,SI,SI,SI,,
ARGENTINA,2018,PROYECTO,NO,NO,NO,NO,NO,NO,SI,NO,NO,,PROMUEVE,IGUALDAD Y NO DISCRIMINACIÓN,NO,SI,NO,NO,,
ARGENTINA,2018,PROYECTO,NO,NO,NO,NO,NO,NO,NO,NO,NO,,PROMUEVE,PROMOCIÓN DE LA CULTURA,SI,SI,SI,SI,,
ARGENTINA,2018,PROYECTO,NO,NO,NO,NO,NO,NO,NO,NO,NO,,PROMUEVE,IGUALDAD Y NO DISCRIMINACIÓN,SI,SI,SI,SI,,
ARGENTINA,2018,PROYECTO,SI,NO,NO,NO,NO,SI,NO,NO,NO,,LIMITA,PROPIEDAD INTELECTUAL,SI,SI,SI,SI,,
ARGENTINA,2018,PROYECTO,SI,SI,NO,SI,NO,SI,SI,NO,NO,,LIMITA,IGUALDAD Y NO DISCRIMINACIÓN,NO,NO,SI,NO,,
ARGENTINA,2018,PROYECTO,SI,NO,NO,NO,NO,NO,NO,NO,NO,,PROMUEVE,LIBERTAD DE CULTO,SI,SI,SI,SI,,
GUATEMALA,2012,PROYECTO,SI,NO,NO,NO,NO,NO,NO,NO,NO,NO,LIMITA,ACCESO A LA INFORMACIÓN,NO,NO,NO,NO,,
GUATEMALA,2014,PROYECTO,SI,SI,NO,NO,NO,SI,NO,NO,NO,SI,LIMITA,DATOS PERSONALES,SI,SI,NO,NO,,
GUATEMALA,2016,PROYECTO,SI,NO,,NO,NO,NO,NO,NO,NO,SI,PROMUEVE,TELECOMUNICACIONES Y CONVERGENCIA,SI,SI,SI,SI,,
GUATEMALA,2016,PROYECTO,SI,SI,NO,NO,NO  ,NO,NO,NO,NO,SI,PROMUEVE,DATOS PERSONALES,SI,SI,SI,SI,,
GUATEMALA,2016,PROYECTO,SI,SI,NO,NO,NO,NO,NO,NO,NO,NO,PROMUEVE,ACCESO A LA INFORMACIÓN,SI,NO,NO,NO,,
GUATEMALA,2016,PROYECTO,SI,NO,NO,SI,NO,NO,NO,NO,NO,NO,PROMUEVE,ACCESO A LA INFORMACIÓN,SI,SI,SI,SI,,
GUATEMALA,2017,PROYECTO,SI,SI,NO,NO,NO,SI,SI,SI,SI,NO,LIMITA,DELITOS INFORMÁTICOS,SI,SI,SI,SI,,
GUATEMALA,2017,PROYECTO,SI,NO,,SI,,SI,NO,NO,NO,NO,LIMITA,LIBERTAD DE REUNIÓN Y ASOCIACIÓN,NO,NO,NO,NO,,NO
GUATEMALA,2017,PROYECTO,SI,SI,NO,NO,NO,SI,SI,SI,NO,NO,LIMITA,DISCURSO DE ODIO,NO,NO,NO,NO,,
GUATEMALA,2017,PROYECTO,SI,SI,NO,NO,NO,SI,NO,NO,NO,SI,LIMITA,LIBERTAD DE CONCIENCIA,NO,NO,NO,NO,,
GUATEMALA,2017,PROYECTO,SI,SI,NO,NO,NO,NO,SI,SI,NO,NO,LIMITA,PRIVACIDAD,NO,NO,NO,NO,,
ARGENTINA,2018,PROYECTO,SI,SI,NO,NO,NO,SI,NO,NO,NO,,LIMITA,LIBERTAD DE CULTO,NO,SI,NO,NO,,
ARGENTINA,2018,PROYECTO,SI,NO,NO,NO,NO,NO,NO,NO,NO,,PROMUEVE,TELECOMUNICACIONES Y CONVERGENCIA,SI,SI,SI,SI,,
ARGENTINA,2018,PROYECTO,NO,NO,NO,NO,NO,NO,SI,NO,SI,,PROMUEVE,REGULACIÓN DE MEDIOS,SI,SI,SI,SI,Neutralidad de la Red,
ARGENTINA,2018,PROYECTO,SI,NO,NO,NO,NO,SI,NO,NO,NO,,LIMITA,LIBERTAD DE PRENSA,NO,NO,NO,NO,,
ARGENTINA,2018,PROYECTO,SI,NO,NO,NO,NO,SI,SI,NO,SI,,LIMITA,TELECOMUNICACIONES Y CONVERGENCIA,NO,NO,NO,NO,Responsabilidad de intermediarios,
ARGENTINA,2018,PROYECTO,NO,NO,NO,NO,NO,NO,NO,NO,NO,,LIMITA/PROMUEVE,PUBLICIDAD OFICIAL,SI,SI,SI,SI,,
ARGENTINA,2018,PROYECTO,SI,NO,NO,NO,NO,SI,NO,NO,NO,,LIMITA,PRIVACIDAD,SI,SI,SI,SI,Datos personales,
CHILE,2018,PROYECTO,SI,SI,NO,SI,NO,SI,SI,SI,SI,,LIMITA,REPUTACIÓN Y HONOR,SI,SI,NO,NO,Responsabilidad de intermediarios,
CHILE,2018,PROYECTO,SI,NO,NO,SI,NO,SI,SI,SI,SI,,LIMITA,PROTECCIÓN DE MENORES,SI,SI,NO,NO,Responsabilidad de intermediarios,
MÉXICO,2012,PROYECTO,SI,NO,SI,NO,NO,NO,NO,NO,NO,NO,PROMUEVE,LIBERTAD DE EXPRESIÓN,SI,SI,SI,SI,,
MÉXICO,2012,PROYECTO,SI,NO,SI,,,,NO,NO,NO,NO,PROMUEVE,LIBERTAD DE EXPRESIÓN,SI,SI,SI,SI,,
MÉXICO,2012,PROYECTO,SI,NO,NO,,,,NO,NO,NO,NO,LIMITA,MORAL PÚBLICA,,,,,,
MÉXICO,2012,PROYECTO,SI,SI,NO,NO,NO,SI,SI,NO,NO,NO,LIMITA,PROTECCIÓN DE MENORES,NO,SI,SI,NO,,
MÉXICO,2012,PROYECTO,SI,SI,NO,NO,NO,SI,SI,SI,NO,NO,LIMITA,ORDEN PÚBLICO,NO,SI,SI,NO,Derechos de terceros,
MÉXICO,2012,PROYECTO,SI,SI,NO,NO,NO,SI,NO,NO,NO,NO,LIMITA,DERECHOS DE TERCEROS,SI,SI,SI,SI,,
MÉXICO,2013,PROYECTO,NO,SI,NO,NO,NO,NO,NO,NO,NO,NO,LIMITA,ORDEN PÚBLICO,NO,SI,NO,NO,Derechos de terceros,
MÉXICO,2013,PROYECTO,SI,NO,NO,NO,NO,SI,NO,NO,NO,NO,LIMITA,ORDEN PÚBLICO,,,,,,
MÉXICO,2013,PROYECTO,SI,NO,NO,NO,,NO,SI,NO,SI,SI,PROMUEVE,TELECOMUNICACIONES Y CONVERGENCIA,NO,SI,SI,NO,,
MÉXICO,2013,PROYECTO,SI,NO,NO,SI,NO,SI,NO,SI,SI,NO,LIMITA/PROMUEVE,LIBERTAD DE EXPRESIÓN,NO,SI,NO,NO,,
MÉXICO,2013,PROYECTO,SI,NO,NO,SI,NO,SI,SI,SI,SI,NO,LIMITA,PROTECCIÓN DE MENORES,NO,SI,NO,NO,,
MÉXICO,2013,PROYECTO,SI,NO,NO,SI,NO,SI,SI,SI,SI,NO,LIMITA,PROTECCIÓN DE MENORES,NO,SI,NO,NO,Discurso de odio,
MÉXICO,2013,PROYECTO,SI,SI,NO,NO,NO,SI,SI,SI,SI,NO,LIMITA,ORDEN PÚBLICO,NO,SI,NO,NO,Violencia de género,Privacidad
MÉXICO,2013,PROYECTO,SI,NO,NO,SI,NO,SI,SI,NO,NO,NO,LIMITA,PROTECCIÓN DE MENORES,NO,SI,SI,NO,,
MÉXICO,2013,PROYECTO,NO,NO,NO,NO,NO,NO,SI,NO,SI,NO,LIMITA,NEUTRALIDAD DE LA RED,,,,,,
MÉXICO,2013,PROYECTO,SI,NO,NO,NO,NO,NO,NO,NO,NO,NO,LIMITA,DISCURSO DE ODIO,NO,SI,NO,NO,Derechos de terceros,
MÉXICO,2013,PROYECTO,SI,NO,NO,NO,NO,SI,NO,NO,SI,NO,LIMITA,PROTECCIÓN DE MENORES,NO,SI,NO,NO,,
MÉXICO,2013,PROYECTO,SI,NO,NO,SI,NO,SI,NO,NO,SI,NO,LIMITA/PROMUEVE,NEUTRALIDAD DE LA RED,NO,SI,NO,NO,,
MÉXICO,2013,PROYECTO,SI,SI,NO,SI,NO,SI,SI,SI,SI,NO,LIMITA,DERECHOS DE AUTOR,NO,SI,NO,NO,,
MÉXICO,2014,PROYECTO,SI,NO,NO,SI,NO,SI,SI,SI,SI,NO,LIMITA,IGUALDAD Y NO DISCRIMINACIÓN,NO,SI,NO,NO,,
MÉXICO,2014,PROYECTO,SI,NO,NO,SI,NO,SI,SI,SI,SI,NO,LIMITA,ACCESO A LA INFORMACIÓN,NO,SI,NO,NO,,
MÉXICO,2014,PROYECTO,SI,NO,NO,SI,NO,SI,SI,SI,SI,NO,LIMITA,PROTECCIÓN DE MENORES,NO,SI,NO,NO,,
MÉXICO,2014,PROYECTO,SI,NO,NO,SI,NO,SI,NO,NO,NO,NO,LIMITA,DISCURSO DE ODIO,NO,SI,SI,NO,Protección de menores,
MÉXICO,2014,PROYECTO,SI,NO,NO,SI,NO,SI,NO,NO,SI,NO,LIMITA,DISCURSO DE ODIO,NO,SI,NO,NO,Derechos de terceros,
MÉXICO,2014,PROYECTO,SI,NO,NO,SI,NO,SI,SI,SI,SI,NO,LIMITA,VIOLENCIA DE GÉNERO,NO,SI,NO,NO,,
MÉXICO,2014,PROYECTO,SI,SI,NO,NO,NO,SI,NO,NO,NO,NO,LIMITA,ORDEN PÚBLICO,NO,SI,SI,NO,,
MÉXICO,2015,PROYECTO,SI,NO,NO,SI,NO,SI,SI,SI,SI,NO,LIMITA,DERECHOS DE AUTOR,NO,SI,NO,NO,,
MÉXICO,2015,PROYECTO,SI,SI,NO,NO,SI,SI,SI,SI,SI,NO,LIMITA,ADMINISTRACIÓN DE JUSTICIA,NO,NO,NO,NO,Delitos informáticos,
MÉXICO,2015,PROYECTO,SI,NO,NO,NO,NO,NO,NO,NO,NO,NO,PROMUEVE,LIBERTAD DE EXPRESIÓN,SI,SI,SI,SI,,
MÉXICO,2015,PROYECTO,SI,NO,NO,NO,NO,NO,NO,NO,NO,NO,LIMITA,PROTECCIÓN DE MENORES,,,,,,
MÉXICO,2015,PROYECTO,SI,SI,NO,NO,NO,SI,NO,SI,NO,NO,LIMITA,VIOLENCIA DE GÉNERO,NO,SI,NO,NO,,
MÉXICO,2015,PROYECTO,SI,SI,NO,NO,NO,NO,SI,NO,SI,NO,LIMITA,PRIVACIDAD,SI,SI,SI,SI,,
MÉXICO,2015,PROYECTO,NO,NO,NO,NO,NO,SI,SI,NO,SI,NO,PROMUEVE,DATOS PERSONALES,NO,SI,SI,NO,,
MÉXICO,2015,PROYECTO,SI,SI,NO,NO,NO,SI,SI,NO,SI,NO,LIMITA,PRIVACIDAD,NO,SI,SI,NO,,
MÉXICO,2015,PROYECTO,SI,SI,NO,NO,NO,SI,SI,NO,SI,NO,LIMITA,PRIVACIDAD,SI,SI,SI,SI,,
MÉXICO,2015,PROYECTO,SI,NO,NO,SI,NO,SI,NO,NO,SI,NO,LIMITA,PUBLICIDAD OFICIAL,NO,SI,NO,NO,,
MÉXICO,2015,PROYECTO,SI,NO,NO,SI,NO,SI,SI,SI,SI,NO,LIMITA,APOLOGÍA,NO,SI,NO,NO,Protección de menores,
MÉXICO,2015,PROYECTO,SI,NO,NO,NO,NO,SI,NO,NO,NO,NO,LIMITA,VIOLENCIA DE GÉNERO,NO,SI,SI,NO,,
MÉXICO,2015,PROYECTO,SI,SI,NO,NO,NO,SI,SI,SI,SI,NO,LIMITA,VIOLENCIA DE GÉNERO,SI,SI,SI,SI,,
MÉXICO,2015,PROYECTO,SI,SI,NO,NO,NO,SI,NO,NO,NO,NO,LIMITA,DISCURSO DE ODIO,SI,SI,NO,NO,,
MÉXICO,2016,PROYECTO,SI,SI,NO,NO,NO,SI,SI,SI,SI,NO,LIMITA,VIOLENCIA DE GÉNERO,SI,SI,SI,SI,,
MÉXICO,2016,PROYECTO,SI,NO,NO,SI,NO,SI,NO,NO,NO,NO,LIMITA,ACCESO A LA INFORMACIÓN,NO,SI,NO,NO,Administración de Justicia,
MÉXICO,2016,PROYECTO,SI,SI,NO,NO,NO,SI,SI,SI,SI,NO,LIMITA,PROTECCIÓN DE MENORES,NO,SI,SI,NO,Acoso sexual,
MÉXICO,2016,PROYECTO,SI,SI,NO,NO,NO,SI,SI,SI,SI,,LIMITA,PROTECCIÓN DE MENORES,NO,SI,SI,NO,Acoso sexual,
MÉXICO,2016,PROYECTO,SI,NO,NO,SI,NO,SI,NO,NO,SI,,LIMITA,VIOLENCIA DE GÉNERO,NO,SI,SI,NO,,
MÉXICO,2016,PROYECTO,SI,NO,NO,SI,NO,SI,NO,NO,SI,NO,LIMITA,LIBERTAD ELECTORAL,NO,SI,NO,NO,,
MÉXICO,2017,PROYECTO,SI,NO,NO,NO,NO,NO,NO,NO,NO,NO,PROMUEVE,DERECHOS DE AUTOR,SI,SI,SI,SI,,
MÉXICO,2017,PROYECTO,SI,NO,SI,NO,NO,NO,NO,NO,NO,NO,PROMUEVE,PRIVACIDAD,SI,SI,SI,SI,,
MÉXICO,2017,PROYECTO,SI,SI,NO,SI,NO,NO,SI,NO,SI,NO,LIMITA,PROTECCIÓN DE MENORES,SI,SI,SI,SI,,
MÉXICO,2017,PROYECTO,SI,NO,NO,NO,NO,NO,NO,NO,NO,NO,PROMUEVE,IGUALDAD Y NO DISCRIMINACIÓN,NO,SI,NO,NO,,
MÉXICO,2017,PROYECTO,SI,NO,NO,NO,NO,NO,NO,NO,NO,NO,PROMUEVE,LIBERTAD ELECTORAL,NO,SI,NO,NO,,
MÉXICO,2017,PROYECTO,SI,NO,NO,NO,SI,SI,NO,NO,SI,NO,PROMUEVE,LIBERTAD ELECTORAL,SI,SI,SI,SI,,
MÉXICO,2017,PROYECTO,SI,NO,NO,SI,NO,SI,NO,NO,SI,,LIMITA,PUBLICIDAD OFICIAL,NO,SI,NO,NO,,
MÉXICO,2017,PROYECTO,SI,SI,NO,NO,NO,SI,NO,NO,SI,NO,LIMITA,IGUALDAD Y NO DISCRIMINACIÓN,NO,SI,NO,NO,,
MÉXICO,2017,PROYECTO,SI,NO,NO,SI,NO,SI,NO,NO,SI,NO,LIMITA,DERECHOS DEL CONSUMIDOR,NO,SI,NO,NO,,
MÉXICO,2017,PROYECTO,SI,NO,NO,NO,NO,SI,NO,NO,NO,NO,LIMITA,MORAL PÚBLICA,NO,SI,NO,NO,,
MÉXICO,2017,PROYECTO,SI,NO,NO,SI,NO,SI,NO,NO,NO,NO,LIMITA,VIOLENCIA DE GÉNERO,NO,SI,NO,NO,,
MÉXICO,2017,PROYECTO,SI,SI,NO,NO,NO,SI,SI,SI,NO,NO,LIMITA,PROTECCIÓN DE MENORES,SI,SI,SI,SI,,
MÉXICO,2017,PROYECTO,SI,NO,NO,NO,NO,NO,SI,NO,NO,NO,PROMUEVE,PRIVACIDAD,SI,SI,SI,SI,,
MÉXICO,2017,PROYECTO,SI,NO,NO,NO,SI,SI,SI,SI,SI,NO,LIMITA,DERECHOS DEL CONSUMIDOR,NO,SI,NO,NO,,
MÉXICO,2017,PROYECTO,SI,SI,NO,SI,SI,SI,SI,SI,NO,NO,LIMITA,ACCESO A LA INFORMACIÓN,NO,NO,NO,NO,,
MÉXICO,2017,PROYECTO,SI,NO,NO,SI,NO,SI,SI,NO,NO,NO,LIMITA,REPUTACIÓN Y HONOR,SI,SI,SI,SI,,
PARAGUAY,2012,PROYECTO,SI,NO,NO,NO,NO,NO,NO,NO,NO,,,CONVERGENCIA Y TELECOMUNICACIONES,,,,,,
PARAGUAY,2013,PROYECTO,NO,NO,NO,NO,NO,NO,NO,NO,NO,,PROMUEVE,DISCAPACIDAD,SI,SI,SI,SI,,
PARAGUAY,2014,PROYECTO,NO,NO,NO,NO,NO,SI,SI,NO,SI,NO,LIMITA,SEGURIDAD NACIONAL,NO,NO,NO,NO,Responsabilidad de intermediarios,
PARAGUAY,2016,PROYECTO,SI,NO,NO,NO,NO,NO,SI,NO,NO,,PROMUEVE,IGUALDAD Y NO DISCRIMINACIÓN,SI,SI,SI,SI,Libertad de expresión,
PARAGUAY,2016,PROYECTO,,NO,NO,SI,NO,NO,NO,NO,NO,,PROMUEVE,LIBERTAD DE PRENSA,SI,SI,SI,SI,Libertad de expresión,
PERÚ,2017,PROYECTO,SI,NO,NO,SI,NO,SI,SI,NO,NO,,LIMITA,PUBLICIDAD OFICIAL,SI,NO,NO,NO,,
PERÚ,2017,PROYECTO,NO,NO,NO,SI,NO,SI,NO,NO,NO,SI,LIMITA,APOLOGÍA,SI,NO,NO,NO,Seguridad Nacional,
PERÚ,2017,PROYECTO,SI,SI,NO,NO,NO,SI,SI,NO,NO,NO,LIMITA,PUBLICIDAD OFICIAL,NO,NO,NO,NO,,
PERÚ,2017,PROYECTO,SI,NO,NO,NO,NO,Si,SI,NO,NO,NO,LIMITA,ADMINISTRACIÓN DE JUSTICIA,SI,NO,SI,NO,,
PERÚ,2017,PROYECTO,SI,NO,NO,NO,NO,SI,SI,NO,NO,NO,LIMITA,ADMINISTRACIÓN DE JUSTICIA,SI,NO,SI,NO,,
CHILE,2018,PROYECTO,SI,NO,NO,NO,NO,NO,SI,NO,SI,,PROMUEVE,TELECOMUNICACIONES Y CONVERGENCIA,SI,SI,SI,SI,Acceso a internet,
CHILE,2018,PROYECTO,SI,NO,NO,SI,NO,SI,SI,SI,NO,,LIMITA,LIBERTAD DE EXPRESIÓN,NO,NO,NO,NO,,
COLOMBIA,2018,PROYECTO,NO,NO,NO,NO,NO,NO,NO,NO,NO,NO,LIMITA,LIBERTAD DE PRENSA,SI,NO,NO,NO,,
COLOMBIA,2018,PROYECTO,SÍ,SI,NO,NO,NO,SI,SI,SI,SI,,LIMITA,DELITOS INFORMÁTICOS,NO,SI,NO,NO,Datos personales,Orden Público
COLOMBIA,2018,PROYECTO,SÍ,NO,NO,NO,NO,NO,NO,NO,NO,,PROMUEVE,ACCESO A LA INFORMACIÓN,SI,SI,SI,SI,,
ECUADOR,2018,PROYECTO,SI,NO,NO,NO,SI,NO,NO,NO,NO,,PROMUEVE,LIBERTAD DE EXPRESIÓN,SI,SI,SI,SI,,
ECUADOR,2018,PROYECTO,SI,NO,NO,SI,SI,NO,NO,NO,NO,,LIMITA,DERECHOS DE TERCEROS,SI,SI,NO,NO,,
ECUADOR,2018,PROYECTO,SI,NO,NO,NO,SI,NO,NO,NO,NO,,PROMUEVE,LIBERTAD DE EXPRESIÓN,SI,SI,SI,SI,,
ECUADOR,2018,PROYECTO,SI,NO,NO,SI,SI,NO,NO,NO,NO,,LIMITA,DERECHOS DE TERCEROS,SI,SI,NO,NO,,
ECUADOR,2018,PROYECTO,SI,NO,NO,SI,NO,NO,NO,NO,NO,,LIMITA,DERECHOS DE TERCEROS,SI,NO,NO,NO,,
PERÚ,2012,PROYECTO,SI,NO,NO,SI,NO,SI,SI,NO,NO,SI,LIMITA,PROTECCIÓN DE MENORES,SI,NO,NO,NO,,
PERÚ,2012,PROYECTO,SI,NO,NO,SI,NO,SI,NO,NO,NO,,LIMITA,MORAL PÚBLICA,SI,NO,NO,NO,,
PERÚ,2012,PROYECTO,SI,SI,NO,NO,NO,SI,NO,NO,NO,SI,LIMITA,DISCURSO DE ODIO,SI,NO,NO,NO,,
PERÚ,2012,PROYECTO,NO,NO,NO,NO,NO,NO,NO,NO,NO,SI,LIMITA,DISCURSO DE ODIO,,,,,,
PERÚ,2012,PROYECTO,SI,SI,NO,NO,NO,SI,NO,NO,NO,,LIMITA,REPUTACIÓN Y HONOR,SI,NO,NO,NO,,
PERÚ,2012,PROYECTO,SI,NO,SI,NO,NO,NO,NO,NO,NO,,PROMUEVE,REPUTACIÓN Y HONOR,SI,SI,SI,SI,,
PERÚ,2012,PROYECTO,SI,SI,NO,NO,NO,SI,NO,NO,NO,,LIMITA,IGUALDAD Y NO DISCRIMINACIÓN,SI,NO,NO,NO,Discurso de odio,
PERÚ,2012,PROYECTO,SI,SI,NO,NO,NO,SI,SI,SI,NO,,LIMITA,APOLOGÍA,SI,NO,NO,NO,Discurso de odio,
PERÚ,2012,PROYECTO,SI,NO,NO,NO,NO,NO,NO,NO,NO,,PROMUEVE,LIBERTAD DE EXPRESIÓN,SI,SI,SI,SI,,
PERÚ,2013,PROYECTO,SI,NO,NO,NO,SI,NO,NO,NO,NO,SI,PROMUEVE,PRIVACIDAD,SI,SI,SI,SI,Protección de menores,
PERÚ,2013,PROYECTO,SI,NO,NO,NO,SI,NO,NO,NO,NO,SI,PROMUEVE,PRIVACIDAD,SI,SI,SI,SI,Protección de menores,
PERÚ,2013,PROYECTO,SI,SI,NO,SI,NO,SI,NO,NO,NO,SI,LIMITA,APOLOGÍA,SI,NO,NO,NO,Discurso de odio,
PERÚ,2013,PROYECTO,SI,NO,NO,NO,NO,SI,NO,SI,NO,,LIMITA,ADMINISTRACIÓN DE JUSTICIA,NO,NO,NO,NO,,
PERÚ,2013,PROYECTO,SI,SI,NO,NO,NO,SI,SI,NO,NO,,LIMITA,IGUALDAD Y NO DISCRIMINACIÓN,SI,NO,NO,NO,Discurso de odio,
PERÚ,2013,PROYECTO,SI,NO,NO,SI,NO,SI,SI,SI,SI,,LIMITA,REPUTACIÓN Y HONOR,NO,NO,NO,NO,,
PERÚ,2014,PROYECTO,NO,NO,NO,SI,NO,SI,NO,NO,NO,,LIMITA,MORAL PÚBLICA,SI,NO,NO,NO,,
PERÚ,2014,PROYECTO,SI,NO,NO,SI,NO,SI,NO,NO,NO,,LIMITA,PRIVACIDAD,SI,NO,NO,NO,,
PERÚ,2014,PROYECTO,SI,SI,NO,SI,NO,SI,SI,NO,NO,,LIMITA,MORAL PÚBLICA,SI,NO,NO,NO,,
PERÚ,2015,PROYECTO,SI,NO,NO,SI,NO,SI,NO,NO,NO,,LIMITA,MORAL PÚBLICA,SI,NO,NO,NO,,
PERÚ,2015,PROYECTO,SI,SI,NO,NO,NO,SI,SI,SI,NO,,LIMITA,REPUTACIÓN Y HONOR,SI,NO,NO,NO,,
PERÚ,2015,PROYECTO,SI,SI,NO,NO,NO,SI,NO,NO,NO,,LIMITA,PRIVACIDAD,SI,NO,NO,NO,,
PERÚ,2016,PROYECTO,SI,NO,NO,SI,NO,SI,NO,NO,NO,,LIMITA,MORAL PÚBLICA,SI,NO,NO,NO,,
PERÚ,2016,PROYECTO,SI,SI,NO,NO,NO,SI,SI,SI,NO,SI,LIMITA,DISCURSO DE ODIO,SI,NO,NO,NO,,
PERÚ,2016,PROYECTO,SI,NO,NO,SI,NO,SI,NO,NO,NO,SI,LIMITA,DISCURSO DE ODIO,SI,NO,SI,NO,,
PERÚ,2016,PROYECTO,SI,si,NO,NO,NO,si,NO,NO,NO,si,LIMITA,DISCURSO DE ODIO,si,NO,NO,NO,,
PERÚ,2016,PROYECTO,SI,NO,NO,SI,NO,SI,NO,NO,NO,SI,LIMITA,DISCURSO DE ODIO,SI,NO,SI,NO,,
PERÚ,2016,PROYECTO,SI,NO,NO,SI,NO,SI,NO,NO,NO,SI,LIMITA,DISCURSO DE ODIO,SI,NO,SI,NO,,
PERÚ,2016,PROYECTO,SI,SI,NO,NO,NO,SI,SI,SI,NO,SI,LIMITA,DISCURSO DE ODIO,SI,NO,NO,NO,,
PERÚ,2016,PROYECTO,SI,SI,NO,NO,NO,SI,SI,SI,NO,SI,LIMITA,DISCURSO DE ODIO,SI,NO,NO,NO,,
PERÚ,2016,PROYECTO,SI,NO,NO,SI,NO,SI,NO,NO,NO,,LIMITA,MORAL PÚBLICA,SI,NO,NO,NO,,
PERÚ,2016,PROYECTO,SI,NO,NO,SI,NO,SI,SI,SI,SI,NO,LIMITA,MORAL PÚBLICA,NO,NO,NO,NO,,
PERÚ,2017,PROYECTO,SI,SI,NO,NO,NO,SI,SI,SI,NO,SI,LIMITA/PROMUEVE,IGUALDAD Y NO DISCRIMINACIÓN,SI,NO,NO,NO,Discurso de odio,
PERÚ,2017,PROYECTO,SI,SI,NO,NO,NO,SI,SI,SI,NO,SI,LIMITA,IGUALDAD Y NO DISCRIMINACIÓN,SI,NO,NO,NO,Discurso de odio,
PERÚ,2017,PROYECTO,SI,SI,NO,NO,NO,SI,SI,SI,NO,SI,LIMITA,IGUALDAD Y NO DISCRIMINACIÓN,SI,NO,NO,NO,Discurso de odio,
PERÚ,2017,PROYECTO,SI,SI,NO,SI,NO,SI,SI,SI,NO,SI,LIMITA/PROMUEVE,IGUALDAD Y NO DISCRIMINACIÓN,SI,NO,NO,NO,Discurso de odio,
PERÚ,2017,PROYECTO,SI,SI,NO,NO,NO,SI,SI,SI,NO,SI,LIMITA,DISCURSO DE ODIO,SI,NO,NO,NO,,
PERÚ,2017,PROYECTO,SI,SI,NO,NO,NO,SI,SI,SI,NO,SI,LIMITA,IGUALDAD Y NO DISCRIMINACIÓN,SI,NO,NO,NO,Discurso de odio,
PERÚ,2017,PROYECTO,SI,SI,NO,NO,NO,SI,SI,NO,NO,,LIMITA,PRIVACIDAD,SI,NO,SI,NO,,
PERÚ,2017,PROYECTO,SI,SI,NO,NO,NO,SI,SI,NO,NO,NO,LIMITA,PRIVACIDAD,SI,NO,NO,NO,,
CHILE,2015,PROYECTO,SI,SI,NO,SI,NO,SI,SI,NO,SI,,LIMITA,PRIVACIDAD,NO,NO,NO,NO,Reputación y honor,
CHILE,2015,PROYECTO,SI,NO,SI,NO,SI,NO,NO,NO,NO,SI,PROMUEVE,TELECOMUNICACIONES Y CONVERGENCIA,SI,SI,SI,SI,,
CHILE,2016,PROYECTO,SI,NO,NO,NO,NO,NO,SI,NO,SI,SI,PROMUEVE,ACCESO A INTERNET,SI,SI,SI,SI,,
CHILE,2017,PROYECTO,SI,SI,NO,SI,NO,SI,SI,NO,NO,SI,LIMITA,IGUALDAD Y NO DISCRIMINACIÓN,SI,SI,SI,SI,,
CHILE,2017,PROYECTO,SI,NO,NO,SI,NO,NO,NO,NO,NO,SI,LIMITA,DATOS PERSONALES,SI,SI,SI,SI,,
ECUADOR,2018,PROYECTO,SI,NO,NO,SI,SI,SI,SI,SI,SI,SI,LIMITA/PROMUEVE,DERECHOS DE TERCEROS,SI,NO,NO,NO,,
ECUADOR,2018,PROYECTO,SI,NO,NO,NO,NO,NO,NO,NO,NO,,PROMUEVE,LIBERTAD DE EXPRESIÓN,SI,SI,SI,SI,,
ECUADOR,2018,PROYECTO,SI,NO,NO,NO,NO,NO,NO,NO,NO,,PROMUEVE,LIBERTAD DE EXPRESIÓN,SI,SI,SI,SI,,
ECUADOR,2018,PROYECTO,SI,NO,NO,NO,NO,NO,NO,NO,NO,,PROMUEVE,LIBERTAD DE EXPRESIÓN,SI,SI,SI,SI,,
ECUADOR,2018,PROYECTO,NO,NO,NO,NO,SI,NO,SI,NO,SI,SI,PROMUEVE,LIBERTAD DE EXPRESIÓN,SI,SI,SI,SI,,
GUATEMALA,2018,PROYECTO,SI,SI,NO,NO,NO,SI,SI,SI,NO,,LIMITA,PROTECCIÓN DE MENORES,,,,,,
PARAGUAY,2017,PROYECTO,NO,NO,NO,NO,NO,SI,SI,SI,SI,NO,LIMITA,RESPONSABILIDAD DE INTERMEDIARIOS,NO,NO,NO,NO,Reputación y honor,
GUATEMALA,2018,PROYECTO,SI,SI,NO,SI,NO,SI,SI,NO,NO,NO,LIMITA,REPUTACIÓN Y HONOR,SI,NO,NO,NO,Delitos informáticos,
GUATEMALA,2018,PROYECTO,NO,NO,NO,NO,NO,SI,NO,NO,NO,NO,LIMITA,LIBERTAD DE CULTO,SI,NO,NO,NO,,
GUATEMALA,2018,PROYECTO,SI,SI,NO,SI,NO,SI,SI,NO,SI,NO,LIMITA,DESACATO,SI,NO,NO,NO,,
MÉXICO,2018,PROYECTO,NO,NO,NO,NO,NO,NO,NO,NO,NO,NO,PROMUEVE,PUBLICIDAD OFICIAL,SI,SI,SI,SI,,
COLOMBIA,2012,PROYECTO,SI,NO,NO,NO,NO,SI,NO,NO,NO,,LIMITA,PROTECCIÓN DE MENORES,NO,SI,SI,NO,,
COLOMBIA,2012,PROYECTO,SI,NO,NO,SI,NO,SI,NO,NO,NO,,LIMITA,PROTECCIÓN DE MENORES,SI,SI,SI,SI,,
COLOMBIA,2012,PROYECTO,NO,NO,NO,NO,NO,NO,NO,NO,NO,,PROMUEVE,ACCESO A LA INFORMACIÓN,SI,SI,SI,SI,,
COLOMBIA,2012,PROYECTO,NO,NO,NO,NO,NO,NO,SI,NO,NO,SI,PROMUEVE,DERECHOS DE AUTOR,SI,SI,SI,SI,Libertad de expresión,
COLOMBIA,2012,PROYECTO,SI,NO,NO,NO,NO,SI,NO,NO,NO,,LIMITA,ACCESO A LA INFORMACIÓN,SI,SI,SI,SI,,
COLOMBIA,2012,PROYECTO,SI,NO,NO,NO,NO,NO,NO,NO,NO,,PROMUEVE,ACCESO A LA INFORMACIÓN,SI,SI,SI,SI,,
COLOMBIA,2012,PROYECTO,SI,NO,NO,NO,NO,NO,SI,NO,NO,,PROMUEVE,ACCESO A LA INFORMACIÓN,SI,SI,SI,SI,,
COLOMBIA,2012,PROYECTO,SI,NO,NO,NO,NO,NO,NO,NO,NO,,PROMUEVE,LIBERTAD DE CULTO,SI,SI,SI,SI,,
COLOMBIA,2012,PROYECTO,NO,NO,NO,NO,NO,NO,NO,NO,NO,,PROMUEVE,LIBERTAD DE EXPRESIÓN,SI,SI,SI,SI,,
COLOMBIA,2012,PROYECTO,NO,NO,NO,NO,NO,SI,NO,NO,NO,,PROMUEVE,ACCESO A LA INFORMACIÓN,SI,SI,SI,SI,,
COLOMBIA,2012,PROYECTO,SI,NO,NO,NO,NO,SI,SI,NO,NO,,LIMITA,LIBERTAD ELECTORAL,SI,SI,SI,SI,,
COLOMBIA,2012,PROYECTO,SI,NO,NO,NO,NO,SI,NO,NO,NO,,LIMITA,ORDEN PÚBLICO,NO,SI,NO,NO,Seguridad Nacional,Protección de menores
COLOMBIA,2013,PROYECTO,NO,NO,NO,NO,NO,SI,NO,NO,NO,,LIMITA,REPUTACIÓN Y HONOR,NO,NO,NO,NO,Orden público,
COLOMBIA,2013,PROYECTO,NO,NO,NO,NO,NO,SI,SI,NO,SI,,LIMITA,DERECHOS DE AUTOR,SI,SI,NO,NO,,
COLOMBIA,2013,PROYECTO,NO,NO,NO,NO,NO,NO,NO,NO,SI,,PROMUEVE,TELECOMUNICACIONES Y CONVERGENCIA,SI,SI,SI,SI,,
COLOMBIA,2013,PROYECTO,NO,NO,NO,NO,NO,NO,NO,NO,NO,,PROMUEVE,ACCESO A LA INFORMACIÓN,SI,SI,SI,SI,,
COLOMBIA,2013,PROYECTO,SI,NO,NO,NO,NO,NO,NO,NO,NO,,PROMUEVE,TELECOMUNICACIONES Y CONVERGENCIA,SI,SI,SI,SI,,
COLOMBIA,2013,PROYECTO,SI,SI,NO,NO,NO,SI,SI,SI,NO,NO,LIMITA,DERECHOS DE AUTOR,SI,SI,NO,NO,,
COLOMBIA,2013,PROYECTO,NO,NO,NO,NO,NO,NO,NO,NO,NO,,PROMUEVE,LIBERTAD DE EXPRESIÓN,SI,SI,SI,SI,,
COLOMBIA,2013,PROYECTO,SI,NO,NO,NO,NO,SI,NO,NO,NO,,PROMUEVE,TELECOMUNICACIONES Y CONVERGENCIA,SI,SI,SI,SI,,
COLOMBIA,2013,PROYECTO,NO,NO,NO,NO,NO,SI,SI,SI,SI,NO,LIMITA,REPUTACIÓN Y HONOR,NO,NO,NO,NO,Responsabilidad de intermediarios,
COLOMBIA,2014,PROYECTO,SI,NO,NO,NO,NO,NO,SI,NO,SI,,PROMUEVE,TELECOMUNICACIONES Y CONVERGENCIA,SI,SI,SI,SI,,
COLOMBIA,2014,PROYECTO,NO,NO,NO,NO,NO,NO,SI,NO,SI,,PROMUEVE,ACCESO A INTERNET,SI,SI,SI,SI,,
COLOMBIA,2014,PROYECTO,NO,SI,NO,NO,NO,SI,SI,SI,SI,,LIMITA,DISCURSO DE ODIO,NO,SI,NO,NO,Apología,
COLOMBIA,2014,PROYECTO,NO,NO,NO,NO,NO,NO,NO,NO,NO,,PROMUEVE,TELECOMUNICACIONES Y CONVERGENCIA,SI,SI,SI,SI,,
COLOMBIA,2014,PROYECTO,NO,NO,NO,NO,NO,NO,NO,NO,NO,,PROMUEVE,TELECOMUNICACIONES Y CONVERGENCIA,SI,SI,SI,SI,,
COLOMBIA,2014,PROYECTO,SI,NO,NO,NO,NO,NO,NO,NO,NO,,PROMUEVE,LIBERTAD ELECTORAL,SI,SI,SI,SI,,
COLOMBIA,2014,PROYECTO,SI,NO,NO,NO,NO,NO,NO,NO,NO,,PROMUEVE,LIBERTAD DE EXPRESIÓN,SI,SI,SI,SI,,
COLOMBIA,2014,PROYECTO,SI,NO,NO,NO,NO,SI,NO,NO,NO,,LIMITA,APOLOGÍA,NO,SI,SI,NO,Órden público,Administración de Justicia
COLOMBIA,2014,PROYECTO,SI,NO,NO,NO,NO,SI,NO,NO,NO,,LIMITA,PROTECCIÓN DE MENORES,SI,SI,SI,SI,,
COLOMBIA,2014,PROYECTO,NO,NO,NO,NO,NO,NO,NO,NO,NO,,PROMUEVE,ACCESO A LA INFORMACIÓN,SI,SI,SI,SI,,
COLOMBIA,2014,PROYECTO,NO,NO,NO,NO,NO,SI,NO,NO,NO,,LIMITA,REPUTACIÓN Y HONOR,NO,NO,NO,NO,Libertad de expresión,
COLOMBIA,2014,PROYECTO,NO,NO,NO,NO,NO,SI,SI,NO,SI,,LIMITA,DERECHOS DE AUTOR,SI,SI,NO,NO,,
COLOMBIA,2014,PROYECTO,NO,NO,NO,NO,NO,NO,NO,NO,SI,,PROMUEVE,TELECOMUNICACIONES Y CONVERGENCIA,SI,SI,SI,SI,,
COLOMBIA,2014,PROYECTO,NO,NO,NO,NO,NO,NO,NO,NO,NO,,PROMUEVE,ACCESO A LA INFORMACIÓN,SI,SI,SI,SI,,
COLOMBIA,2014,PROYECTO,NO,NO,NO,NO,NO,SI,SI,SI,SI,NO,LIMITA,REPUTACIÓN Y HONOR,NO,NO,NO,NO,Responsabilidad de intermediarios,
COLOMBIA,2014,PROYECTO,NO,NO,NO,NO,NO,NO,NO,NO,NO,,PROMUEVE,PUBLICIDAD OFICIAL,SI,SI,SI,SI,,
COLOMBIA,2014,PROYECTO,SI,NO,NO,NO,NO,SI,SI,NO,NO,,LIMITA,PROTECCIÓN DE MENORES,NO,NO,NO,NO,Seguridad Nacional,
COLOMBIA,2014,PROYECTO,NO,NO,NO,NO,NO,NO,NO,NO,NO,,PROMUEVE,PUBLICIDAD OFICIAL,SI,SI,SI,SI,,
COLOMBIA,2015,PROYECTO,SI,NO,NO,NO,NO,SI,NO,NO,NO,,LIMITA,TELECOMUNICACIONES Y CONVERGENCIA,NO,NO,NO,NO,,
COLOMBIA,2015,PROYECTO,NO,NO,NO,NO,NO,NO,NO,NO,NO,,PROMUEVE,LIBERTAD DE CONCIENCIA,SI,SI,SI,SI,,
COLOMBIA,2015,PROYECTO,SI,NO,NO,NO,NO,SI,NO,NO,NO,,LIMITA,LIBERTAD DE EXPRESIÓN,SI,SI,SI,SI,,
COLOMBIA,2015,PROYECTO,SI,NO,NO,NO,NO,NO,NO,NO,NO,,LIMITA,CALUMNIAS E INJURIAS,NO,SI,SI,NO,,
COLOMBIA,2015,PROYECTO,NO,NO,NO,NO,NO,SI,NO,NO,NO,,LIMITA,ÓRDEN PÚBLICO,SI,SI,SI,SI,,
COLOMBIA,2015,PROYECTO,NO,NO,NO,NO,NO,SI,NO,NO,NO,,LIMITA,LIBERTAD ELECTORAL,SI,SI,SI,SI,Acceso a la información,
COLOMBIA,2015,PROYECTO,SI,NO,NO,NO,NO,SI,NO,NO,NO,,LIMITA,SEGURIDAD NACIONAL,NO,NO,NO,NO,,
MÉXICO,2018,PROYECTO,SI,NO,NO,NO,NO,SI,SI,NO,NO,NO,LIMITA,IGUALDAD Y NO DISCRIMINACIÓN,SI,SI,SI,SI,,
MÉXICO,2018,PROYECTO,SI,SI,NO,NO,NO,SI,SI,SI,NO,NO,LIMITA,IGUALDAD Y NO DISCRIMINACIÓN,SI,SI,SI,SI,,
MÉXICO,2018,PROYECTO,SI,NO,NO,NO,NO,NO,NO,NO,NO,NO,PROMUEVE,LIBERTAD DE EXPRESIÓN,SI,SI,SI,SI,,
MÉXICO,2018,PROYECTO,NO,NO,NO,NO,NO,NO,NO,NO,NO,NO,,,,,,,,
MÉXICO,2018,PROYECTO,NO,NO,SI,SI,NO,SI,NO,NO,NO,NO,LIMITA,ORDEN PÚBLICO,SI,SI,SI,SI,libertad de expresión pasiva,
MÉXICO,2018,PROYECTO,SI,NO,NO,NO,NO,SI,SI,NO,NO,NO,LIMITA,IGUALDAD Y NO DISCRIMINACIÓN,SI,SI,SI,Si,,
MÉXICO,2018,PROYECTO,SI,NO,NO,NO,NO,SI,SI,NO,NO,NO,LIMITA,DISCURSO DE ODIO,SI,SI,SI,Si,Igualdad y no discriminación,
MÉXICO,2018,PROYECTO,SI,SI,NO,NO,NO,SI,SI,SI,SI,NO,LIMITA,DERECHOS DE AUTOR,NO,SI,SI,NO,,
MÉXICO,2018,PROYECTO,SI,SI,NO,SI,NO,SI,NO,NO,NO,NO,LIMITA,IGUALDAD Y NO DISCRIMINACIÓN,SI,SI,SI,SI,,
MÉXICO,2018,PROYECTO,SI,NO,NO,NO,NO,SI,NO,SI,NO,NO,LIMITA,PROMOCIÓN DE LA CULTURA,NO,NO,NO,NO,,
MÉXICO,2018,PROYECTO,SI,SI,NO,NO,NO,SI,SI,NO,NO,SI,LIMITA,PRIVACIDAD,NO,SI,SI,NO,,
MÉXICO,2018,PROYECTO,SI,SI,SI,SI,NO,SI,NO,NO,NO,SI,LIMITA,IGUALDAD Y NO DISCRIMINACIÓN,NO,SI,NO,NO,,
MÉXICO,2018,PROYECTO,SI,SI,NO,SI,NO,NO,NO,NO,NO,,PROMUEVE,LIBERTAD DE EXPRESIÓN,SI,SI,SI,SI,Libertad de prensa,Acceso a la información
MÉXICO,2018,PROYECTO,SI,NO,NO,NO,NO,NO,NO,NO,NO,,PROMUEVE,LIBERTAD DE PRENSA,SI,SI,SI,SI,,
MÉXICO,2018,PROYECTO,SI,NO,NO,NO,NO,NO,SI,NO,NO,,PROMUEVE,LIBERTAD DE PRENSA,SI,SI,SI,SI,,
MÉXICO,2018,PROYECTO,SI,SI,NO,NO,NO,NO,NO,NO,NO,SI,LIMITA,ACOSO SEXUAL,NO,SI,NO,NO,,
MÉXICO,2018,PROYECTO,SI,SI,NO,SI,NO,SI,SI,SI,SI,SI,LIMITA,INTIMIDAD,SI,SI,NO,NO,Privacidad,
COLOMBIA,2016,PROYECTO,NO,NO,NO,NO,NO,SI,SI,NO,NO,,LIMITA,DERECHOS DE AUTOR,SI,SI,NO,NO,Promoción de la cultura,Derechos laborales
COLOMBIA,2016,PROYECTO,SI,NO,NO,NO,NO,SI,SI,NO,NO,,LIMITA,LIBERTAD ELECTORAL,SI,SI,SI,SI,,
COLOMBIA,2016,PROYECTO,SI,NO,NO,NO,NO,SI,NO,NO,NO,,LIMITA,LIBERTAD ELECTORAL,SI,SI,SI,SI,,
COLOMBIA,2016,PROYECTO,NO,NO,NO,NO,NO,SI,NO,NO,NO,,LIMITA,REPUTACIÓN Y HONOR,NO,NO,NO,NO,,
COLOMBIA,2016,PROYECTO,SI,NO,NO,NO,NO,SI,NO,NO,NO,,LIMITA,MORAL PÚBLICA,SI,SI,SI,SI,,
COLOMBIA,2016,PROYECTO,NO,NO,NO,NO,NO,SI,NO,NO,NO,,LIMITA,PRIVACIDAD,SI,SI,SI,SI,,
COLOMBIA,2016,PROYECTO,NO,NO,NO,NO,NO,NO,NO,NO,SI,,PROMUEVE,LIBERTAD DE EXPRESIÓN,SI,SI,SI,SI,,
COLOMBIA,2017,PROYECTO,SI,NO,SI,NO,NO,NO,NO,NO,NO,,PROMUEVE,REPUTACIÓN Y HONOR,SI,SI,SI,SI,,
COLOMBIA,2017,PROYECTO,SI,NO,NO,NO,NO,SI,NO,NO,NO,,LIMITA,DERECHOS DEL CONSUMIDOR,NO,NO,NO,NO,Orden público,
PARAGUAY,2018,PROYECTO,NO,,,NO,,NO,NO,NO,NO,,PROMUEVE,DISCAPACIDAD,SI,SI,SI,SI,,
PARAGUAY,2018,PROYECTO,SI,NO,NO,SI,NO,SI,SI,NO,NO,NO,LIMITA,LIBERTAD ELECTORAL,NO,NO,NO,NO,,
PARAGUAY,2018,PROYECTO,NO,NO,NO,NO,NO,NO,SI,NO,SI,NO,LIMITA,ACCESO A INTERNET,,,,,,
PARAGUAY,2018,PROYECTO,NO,NO,NO,SI,NO,NO,SI,NO,NO,SI ,PROMUEVE,ACCESO A LA INFORMACIÓN,SI,SI,SI,SI,,
PERÚ,2018,PROYECTO,SI,NO,NO,NO,NO,NO,SI,SI,NO,,PROMUEVE,ACCESO A LA INFORMACIÓN,SI,SI,SI,SI,,
PERÚ,2018,PROYECTO,NO,NO,NO,SI,NO,NO,SI,NO,NO,,PROMUEVE,SEGURIDAD NACIONAL,SI,SI,SI,SI,,
PERÚ,2018,PROYECTO,SI,SI,NO,NO,NO,SI,SI,NO,NO,NO,LIMITA,LIBERTAD DE EXPRESIÓN,NO,NO,NO,NO,,
PERÚ,2018,PROYECTO,SI,SI,NO,NO,NO,SI,SI,SI,NO,,LIMITA,PRIVACIDAD,NO,NO,NO,NO,,
PERÚ,2018,PROYECTO,SI,NO,NO,NO,NO,SI,SI,NO,NO,,LIMITA,PUBLICIDAD OFICIAL,SI,NO,SI,NO,,
PERÚ,2018,PROYECTO,SI,SI,NO,NO,NO,SI,SI,NO,NO,,LIMITA,APOLOGÍA,NO,NO,NO,NO,,
PERÚ,2018,PROYECTO,NO,NO,NO,NO,NO,SI,SI,NO,NO,NO,LIMITA,APOLOGÍA,NO,NO,NO,NO,Promoción de la cultura,
PERÚ,2018,PROYECTO,SI,NO,NO,NO,NO,SI,NO,NO,NO,NO,LIMITA,LIBERTAD DE EXPRESIÓN,NO,NO,NO,NO,,
PERÚ,2018,PROYECTO,SI,NO,NO,NO,NO,SI,NO,NO,NO,NO,LIMITA,LIBERTAD DE PRENSA,NO,NO,NO,NO,,
PERÚ,2018,PROYECTO,SI,NO,SI,NO,NO,NO,NO,NO,NO,,PROMUEVE,ACCESO A LA INFORMACIÓN,SI,SI,SI,SI,,
PERÚ,2018,PROYECTO,SI,NO,NO,NO,NO,NO,NO,NO,NO,,LIMITA,PROTECCIÓN DE MENORES,NO,NO,SI,NO,,
PERÚ,2018,PROYECTO,SI,NO,SI,SI,NO,NO,SI,NO,NO,,PROMUEVE,ACCESO A LA INFORMACIÓN,SI,SI,SI,SI,Publicidad Oficial,
PERÚ,2018,PROYECTO,SI,NO,SI,SI,NO,NO,SI,NO,NO,,PROMUEVE,ACCESO A LA INFORMACIÓN,NO,SI,SI,NO,Publicidad Oficial,
PERÚ,2018,PROYECTO,SI,NO,SI,NO,NO,NO,SI,NO,NO,,PROMUEVE,ACCESO A LA INFORMACIÓN,SI,SI,SI,SI,Publicidad Oficial,
PERÚ,2018,PROYECTO,NO,NO,NO,NO,NO,NO,NO,NO,NO,,PROMUEVE,ACCESO A LA INFORMACIÓN,SI,SI,SI,SI,,
PERÚ,2018,PROYECTO,SI,NO,NO,NO,NO,NO,NO,NO,NO,,PROMUEVE,ACCESO A INTERNET,SI,SI,SI,SI,,
PERÚ,2018,PROYECTO,SI,SI,NO,SI,NO,NO,NO,NO,NO,,LIMITA,SEGURIDAD NACIONAL,SI,NO,NO,NO,,
PERÚ,2018,PROYECTO,SI,NO,NO,SI,NO,NO,SI,NO,NO,,PROMUEVE,ACCESO A LA INFORMACIÓN,SI,SI,SI,SI,,
PERÚ,2018,PROYECTO,NO,NO,NO,SI,NO,NO,NO,NO,NO,,LIMITA,SEGURIDAD NACIONAL,SI,NO,NO,NO,,
PERÚ,2018,PROYECTO,SI,SI,NO,NO,NO,NO,NO,NO,NO,NO,LIMITA,ACOSO SEXUAL,NO,SI,NO,NO,,
ARGENTINA,2019,PROYECTO,NO,NO,No,SI,NO,No,SI,NO,No,,LIMITA,PROTECCIÓN DE MENORES,SI,SI,SI,SI,,
ARGENTINA,2019,PROYECTO,NO,NO,No,SI,NO,No,SI,SI,SI,,LIMITA,DATOS PERSONALES,NO,SI,SI,NO,,
ARGENTINA,2019,PROYECTO,SI,NO,NO,NO,NO,NO,NO,NO,NO,,PROMUEVE,ACCESO A LA INFORMACIÓN,SI,SI,SI,SI,,
ARGENTINA,2019,PROYECTO,NO,NO,NO,SI,NO,NO,SI,NO,NO,,LIMITA,PRIVACIDAD,SI,SI,SI,SI,,
ARGENTINA,2019,PROYECTO,NO,NO,NO,NO,NO,NO,SI,NO,NO,,PROMUEVE,DISCAPACIDAD,SI,SI,SI,SI,,
ARGENTINA,2019,PROYECTO,SI,NO,NO,SI,NO,NO,NO,NO,NO,,LIMITA,DATOS PERSONALES,SI,SI,SI,SI,,
ARGENTINA,2019,PROYECTO,SI,NO,NO,NO,NO,SI,SI,NO,SI,,LIMITA,REGULACIÓN DE MEDIOS,NO,NO,SI,SI,Protección de menores,
ARGENTINA,2019,PROYECTO,NO,NO,NO,SI,NO,SI,SI,NO,SI,,LIMITA,RESPONSABILIDAD DE INTERMEDIARIOS,NO,SI,SI,NO,,
