screen_name	date	fav	retweet	text	url	hashtags
CagnoliTandil	Thu Jul 20 17:07:37 +0000 2017	10	0	Te invitamos del 19 al 30 de Julio a conocer lo mejor de nuestros productos en una nueva @exposicionrural #ExpoRural17  @SociedadRural https://t.co/FqPUq6NyNc	https://twitter.com/CagnoliTandil/status/888082984586407937	[{'text': 'ExpoRural17', 'indices': [106, 118]}]
CagnoliTandil	Tue Jun 27 17:19:49 +0000 2017	6	1	"NUEVO SORTEO! 🙌
Podés ganar un BAÚL CON PRODUCTOS Cagnoli!
Ingresá a nuestro Facebook y participá! https://t.co/RsHqNwvdUi https://t.co/mjqT7CSGLr"	https://twitter.com/CagnoliTandil/status/879751133505474561	[]
CagnoliTandil	Sat Mar 25 17:08:48 +0000 2017	11	1	#SalameMasLargoDelMundo este fin de semana te esperamos para degustarlo en  #Jumbo de Pilar, Nordelta, Palermo y Unicenter https://t.co/imaLBZvqr8	https://twitter.com/CagnoliTandil/status/845683901813211137	[{'text': 'SalameMasLargoDelMundo', 'indices': [0, 23]}, {'text': 'Jumbo', 'indices': [76, 82]}]
CagnoliTandil	Mon Mar 13 14:43:04 +0000 2017	1	0	@caporedigton1 por disposiciones sanitarias no tenemos posibilidad de ingresar visitantes a la Planta. Saludos cordiales.	https://twitter.com/CagnoliTandil/status/841298568837230592	[]
CagnoliTandil	Sun Mar 12 16:30:24 +0000 2017	8	4	#SalameMasLargoDelMundo #JumboPalermo #SalameDOT @JumboArg https://t.co/knt8LWPFDb	https://twitter.com/CagnoliTandil/status/840963195892310017	[{'text': 'SalameMasLargoDelMundo', 'indices': [0, 23]}, {'text': 'JumboPalermo', 'indices': [24, 37]}, {'text': 'SalameDOT', 'indices': [38, 48]}]
CagnoliTandil	Sat Mar 11 17:21:33 +0000 2017	3	0	#SalameMasLargoDelMundo #JumboUnicenter https://t.co/YzFkyziLPP	https://twitter.com/CagnoliTandil/status/840613679657811968	[{'text': 'SalameMasLargoDelMundo', 'indices': [0, 23]}, {'text': 'JumboUnicenter', 'indices': [24, 39]}]
CagnoliTandil	Tue Mar 07 14:12:14 +0000 2017	7	2	Te esperamos en #Expoagro2017 con los mejores productos tandileros @FuegosSG https://t.co/qwILR6W4kZ	https://twitter.com/CagnoliTandil/status/839116485872259072	[{'text': 'Expoagro2017', 'indices': [16, 29]}]
CagnoliTandil	Thu Mar 02 19:31:58 +0000 2017	16	5	"El Salame Más Largo del Mundo 🌍📏🙌
Midió 41,9 metros de largo y pesó 120 kilos! 
#Tandil #SalameMasLargoDelMundo https://t.co/4BCrhj9G02"	https://twitter.com/CagnoliTandil/status/837385010235772928	[{'text': 'Tandil', 'indices': [80, 87]}, {'text': 'SalameMasLargoDelMundo', 'indices': [88, 111]}]
CagnoliTandil	Sat Feb 11 19:18:49 +0000 2017	28	9	Hoy! Los esperamos. #FestivaldelaSierra  #SalameDeTandil #ElSalameMasLargoDelMundo https://t.co/q4T1vUqeqf	https://twitter.com/CagnoliTandil/status/830496329461800960	[{'text': 'FestivaldelaSierra', 'indices': [20, 39]}, {'text': 'SalameDeTandil', 'indices': [41, 56]}, {'text': 'ElSalameMasLargoDelMundo', 'indices': [57, 82]}]
CagnoliTandil	Fri Feb 10 23:58:05 +0000 2017	4	2	#FestivalDeLaSierra visitá nuestro stand y disfrutá de nuestros productos. https://t.co/Zvd79gV6Yo	https://twitter.com/CagnoliTandil/status/830204220380946435	[{'text': 'FestivalDeLaSierra', 'indices': [0, 19]}]
CagnoliTandil	Tue Jan 17 13:52:12 +0000 2017	4	2	Ingresá a https://t.co/1JIDFruZKB participá de los sorteos y disfrutá el mejor #SaborGenuino #TemporadaDelTandilero https://t.co/zW3RTv7YUt	https://twitter.com/CagnoliTandil/status/821354438908592130	[{'text': 'SaborGenuino', 'indices': [79, 92]}, {'text': 'TemporadaDelTandilero', 'indices': [93, 115]}]
CagnoliTandil	Fri Nov 25 01:41:47 +0000 2016	3	1	Buscanos en #JumboDeliAndWine para degustar el salame de 6 metros y deleitarte con lo mejor de nuestros productos https://t.co/Qf6Vkqw2r7	https://twitter.com/CagnoliTandil/status/801964065652412416	[{'text': 'JumboDeliAndWine', 'indices': [12, 29]}]
CagnoliTandil	Tue Oct 25 15:09:23 +0000 2016	3	1	Del 24 al 30, participá de la Semana de Sabores de #Tandil y colaborá con @BancoAlimentos #PlatoSolidario https://t.co/1JIDFruZKB https://t.co/vOdV41HKDF	https://twitter.com/CagnoliTandil/status/790933282175193089	[{'text': 'Tandil', 'indices': [51, 58]}, {'text': 'PlatoSolidario', 'indices': [90, 105]}]
CagnoliTandil	Wed Oct 05 14:48:31 +0000 2016	0	0	@Andresmateu son el Jamón Genuino, Fuet de Tandil, Fuet Serrano y Sopresatta. Podés ver más en nuestra web (https://t.co/j85wqcJK37)	https://twitter.com/CagnoliTandil/status/783680273120694272	[]
CagnoliTandil	Tue Oct 04 14:03:38 +0000 2016	4	0	"Contanos ""donde"" y con quien vas a festejar este #OktoberFuet y ganá https://t.co/1JIDFruZKB #MesDelFuet #Cerveza https://t.co/GPACi9TEiV"	https://twitter.com/CagnoliTandil/status/783306589587603456	[{'text': 'OktoberFuet', 'indices': [49, 61]}, {'text': 'MesDelFuet', 'indices': [93, 104]}, {'text': 'Cerveza', 'indices': [105, 113]}]
CagnoliTandil	Sat Sep 17 22:54:07 +0000 2016	4	0	"Te esperamos este fin de semana en #ElDorrego
Buenos Aires Celebra Las Regiones https://t.co/8I1toSduNN @bacultural https://t.co/DJTITct2a7"	https://twitter.com/CagnoliTandil/status/777279495241740289	[{'text': 'ElDorrego', 'indices': [35, 45]}]
CagnoliTandil	Fri Sep 16 15:06:26 +0000 2016	7	3	"Genuino Salamín Tandilero.
#Cagnoli #Arte https://t.co/zoV0ZtLxsZ"	https://twitter.com/CagnoliTandil/status/776799410894344192	[{'text': 'Cagnoli', 'indices': [27, 35]}, {'text': 'Arte', 'indices': [36, 41]}]
CagnoliTandil	Fri Sep 02 21:10:22 +0000 2016	30	10	"Comienza un nuevo fin de semana, que no falte tu #PicadaCagnoli
Disfrutá de un momento genuino. https://t.co/PVWoKkOjAE"	https://twitter.com/CagnoliTandil/status/771817568159969282	[{'text': 'PicadaCagnoli', 'indices': [49, 63]}]
CagnoliTandil	Fri Aug 05 20:38:05 +0000 2016	4	1	"¿Que sabor especial no puede faltar en una picada olímpica?
Entrá en nuestra Fan Page y votá https://t.co/1JIDFruZKB https://t.co/5M69zhm39K"	https://twitter.com/CagnoliTandil/status/761662582923075585	[]
CagnoliTandil	Tue Aug 02 17:13:03 +0000 2016	9	2	"Una picada es rica, pero mas si se hace con amor y se sirve con una sonrisa.
Feliz día del Trabajador Gastronómico https://t.co/XwWPh8hrBC"	https://twitter.com/CagnoliTandil/status/760523820738445312	[]
CagnoliTandil	Sat Jul 23 14:47:40 +0000 2016	4	5	Acercate a #LaRural y encontrá toda la variedad de nuestros productos @LaRural_BsAs https://t.co/VZSD3jaEB3	https://twitter.com/CagnoliTandil/status/756863355843911680	[{'text': 'LaRural', 'indices': [11, 19]}]
CagnoliTandil	Sat Jul 23 14:29:43 +0000 2016	8	1	Ya arrancamos! Te esperamos con el verdadero #SandwichTandilero #LaRural #SalameDot @FuegosSG @TurismoTandil https://t.co/mlGN1uOGK8	https://twitter.com/CagnoliTandil/status/756858837165043713	[{'text': 'SandwichTandilero', 'indices': [45, 63]}, {'text': 'LaRural', 'indices': [64, 72]}, {'text': 'SalameDot', 'indices': [73, 83]}]
CagnoliTandil	Fri Jul 22 17:28:26 +0000 2016	14	6	Te esperamos en#LaRural2016 para disfrutar el mejor #SandwichTandilero @FuegosSG @LaRural_BsAs https://t.co/SmuRAcxHJj	https://twitter.com/CagnoliTandil/status/756541425391636481	[{'text': 'SandwichTandilero', 'indices': [52, 70]}]
CagnoliTandil	Tue Jul 19 13:27:21 +0000 2016	0	0	Te esperamos!!! en #ExposiciónRural @LaRural_BsAs https://t.co/NtXm0YBPNF	https://twitter.com/CagnoliTandil/status/755393591313309697	[{'text': 'ExposiciónRural', 'indices': [19, 35]}]
CagnoliTandil	Fri Jul 15 16:06:01 +0000 2016	4	0	#MesDelAmigo Con qué cerveza acompañarías a cada Fuet? Seguinos en Face, participá y ganá! https://t.co/1JIDFruZKB https://t.co/VduJHozWrP	https://twitter.com/CagnoliTandil/status/753983969671180288	[{'text': 'MesDelAmigo', 'indices': [0, 12]}]
CagnoliTandil	Wed Jul 06 16:00:35 +0000 2016	4	1	Los esperamos!!! https://t.co/TzzbD16fqm	https://twitter.com/CagnoliTandil/status/750721113756409856	[]
CagnoliTandil	Mon Jul 04 20:34:32 +0000 2016	3	0	"#MesDelAmigo entrá en nuestra Fan Page de Facebook, participá y ganá
https://t.co/k4atdlbKAj https://t.co/Colahctf0j"	https://twitter.com/CagnoliTandil/status/750065277296111616	[{'text': 'MesDelAmigo', 'indices': [0, 12]}]
CagnoliTandil	Wed May 25 14:07:09 +0000 2016	5	3	Felíz #DiaDeLaPatria. 206 Aniversario de la Revolución de Mayo. Celebremos en Familia. https://t.co/NPgFOM9vGj	https://twitter.com/CagnoliTandil/status/735472274451628032	[{'text': 'DiaDeLaPatria', 'indices': [6, 20]}]
CagnoliTandil	Fri May 13 19:41:42 +0000 2016	5	1	Cociná #ElLocroPerfecto. Lo mejor para compartir en estos días de frío. #MesDeLaPatria https://t.co/EESq8ZMiQG	https://twitter.com/CagnoliTandil/status/731207813855346688	[{'text': 'ElLocroPerfecto', 'indices': [7, 23]}, {'text': 'MesDeLaPatria', 'indices': [72, 86]}]
CagnoliTandil	Thu May 05 18:39:38 +0000 2016	4	1	Visitanos en #NacionGanadera y disfrutá lo mejor de nuestros productos @FuegosSG @intaargentina @LANACION #Balcarce https://t.co/FLgqk9NyT0	https://twitter.com/CagnoliTandil/status/728293091380187137	[{'text': 'NacionGanadera', 'indices': [13, 28]}, {'text': 'Balcarce', 'indices': [106, 115]}]
CagnoliTandil	Mon Apr 04 12:48:29 +0000 2016	4	4	Felicitamos a Tandil por su 193 Aniversario, origen del sabor Genuino. #AniversarioTandil https://t.co/irs0msja4I	https://twitter.com/CagnoliTandil/status/716970696967131136	[{'text': 'AniversarioTandil', 'indices': [71, 89]}]
CagnoliTandil	Sat Mar 26 13:28:09 +0000 2016	5	2	No podes perderte el mejor sandwich tandilero en la Feria Gastronómica del Parque. Te esperamos! @TurismoTandil https://t.co/pAKZQrk1vn	https://twitter.com/CagnoliTandil/status/713719188880232450	[]
CagnoliTandil	Fri Mar 18 18:38:09 +0000 2016	4	3	Visitá el espacio gastronómico y probá el Choripanwich hecho por @Juanbraceli y @JuanFerrara #Lollapalooza2016 https://t.co/sqeBUZOwuf	https://twitter.com/CagnoliTandil/status/710898098206285824	[{'text': 'Lollapalooza2016', 'indices': [93, 110]}]
CagnoliTandil	Thu Mar 10 21:02:40 +0000 2016	9	2	Todo Listo. Te esperamos con lo mejor de nuestros productos en #FiestaDelTernero #Ayacucho @FiestaTernero https://t.co/yc5dWllrVa	https://twitter.com/CagnoliTandil/status/708035366125768705	[{'text': 'FiestaDelTernero', 'indices': [63, 80]}, {'text': 'Ayacucho', 'indices': [81, 90]}]
CagnoliTandil	Sun Feb 14 21:40:27 +0000 2016	20	9	"Nuevo récord para el #SalameMásLargoDeAmérica, más de 28 metros!!!
@juanbraceli @ConsejoDOT @TurismoTandil https://t.co/g5HBHNXxrE"	https://twitter.com/CagnoliTandil/status/698985177004032000	[{'text': 'SalameMásLargoDeAmérica', 'indices': [21, 45]}]
CagnoliTandil	Wed Feb 10 16:27:19 +0000 2016	1	1	Los esperamos!!! #FestivalDeLaSierra #Tandil @TurismoTandil  https://t.co/jX2rtwOoo3	https://twitter.com/CagnoliTandil/status/697456821775237123	[{'text': 'FestivalDeLaSierra', 'indices': [17, 36]}, {'text': 'Tandil', 'indices': [37, 44]}]
CagnoliTandil	Wed Feb 10 04:17:44 +0000 2016	13	10	"Hoy compartimos en el Dique un #SalameDeTandil de 6mts.
Vení el Sábado para el nuevo Record #FestivalDeLaSierra https://t.co/gj2c1eeISa"	https://twitter.com/CagnoliTandil/status/697273216650317824	[{'text': 'SalameDeTandil', 'indices': [31, 46]}, {'text': 'FestivalDeLaSierra', 'indices': [92, 111]}]
CagnoliTandil	Sun Feb 07 03:08:26 +0000 2016	8	5	"Hoy degustamos en la peatonal un #SalameDeTandil de 6mts
Mañana estaremos con otro en el Dique #FestivalDeLaSierra https://t.co/Y4WHZjzfjl"	https://twitter.com/CagnoliTandil/status/696168614798426112	[{'text': 'SalameDeTandil', 'indices': [33, 48]}, {'text': 'FestivalDeLaSierra', 'indices': [95, 114]}]
CagnoliTandil	Sat Feb 06 14:34:35 +0000 2016	7	4	"Hoy en la peatonal vení y degustá #SalameDeTandil.
Empezá a vivir el #FestivalDeLaSierra @ConsejoDOT @TurismoTandil https://t.co/n2ytQXhuBx"	https://twitter.com/CagnoliTandil/status/695978903685492736	[{'text': 'SalameDeTandil', 'indices': [34, 49]}, {'text': 'FestivalDeLaSierra', 'indices': [69, 88]}]
CagnoliTandil	Sat Jan 30 15:26:58 +0000 2016	2	1	"¿Conoces nuestra línea SIN TACC? Te presentamos la Sopresatta a la Italiana #cagnoli
Mas en https://t.co/kOZj4hUCfc https://t.co/0wPGrMCE4M"	https://twitter.com/CagnoliTandil/status/693455369855746048	[{'text': 'cagnoli', 'indices': [76, 84]}]
CagnoliTandil	Thu Jan 07 22:36:13 +0000 2016	6	6	"Ya llega el @crucetandilia.
Disfrutá de una de las pruebas más importantes del año.
@turcosergioale @TurismoTandil https://t.co/M66Ix4rOET"	https://twitter.com/CagnoliTandil/status/685228471270944770	[]
CagnoliTandil	Fri Jan 01 00:41:01 +0000 2016	5	3	¡Por un 2016 con grandes encuentros compartidos! #FelizAñoNuevo  #PicadaCagnoli #2016 https://t.co/wvMwAJ2aRO	https://twitter.com/CagnoliTandil/status/682723163273334785	[{'text': 'FelizAñoNuevo', 'indices': [49, 63]}, {'text': 'PicadaCagnoli', 'indices': [65, 79]}]
CagnoliTandil	Thu Dec 24 12:50:46 +0000 2015	0	0	¡Nuestros mejores deseos de paz y felicidad en estas fiestas! https://t.co/gpyksZsefb	https://twitter.com/CagnoliTandil/status/680007709937266689	[]
CagnoliTandil	Sun Dec 06 15:01:01 +0000 2015	2	4	"#HoyJuegaSanta
@Santamarina y @ClubPatronatoOf, por un lugar en Primera.
Vamos Santa! Vamos #Tandil! https://t.co/hgCzutYyLq"	https://twitter.com/CagnoliTandil/status/673517506674470913	[{'text': 'HoyJuegaSanta', 'indices': [0, 14]}, {'text': 'Tandil', 'indices': [92, 99]}]
CagnoliTandil	Fri Dec 04 21:27:56 +0000 2015	2	2	"Comienza un nuevo fin de semana largo, que no falte #ElClásicoDeTusPicadas
Disfrutá de un momento genuino. https://t.co/4eNrfxXcLk"	https://twitter.com/CagnoliTandil/status/672890100364259328	[{'text': 'ElClásicoDeTusPicadas', 'indices': [52, 74]}]
CagnoliTandil	Sat Nov 28 22:44:47 +0000 2015	11	14	"Mañana tiene que explotar el San Martín!!
Vamos @clubsantamarina ! Vamos #Tandil! https://t.co/JxVHM3Tap4"	https://twitter.com/CagnoliTandil/status/670735112850550785	[{'text': 'Tandil', 'indices': [73, 80]}]
CagnoliTandil	Fri Nov 27 13:40:31 +0000 2015	6	6	Ahora en @MorfiTelefe, hacemos la #PicadaCagnoli más grande. https://t.co/lZhRchmoqC	https://twitter.com/CagnoliTandil/status/670235758754709504	[{'text': 'PicadaCagnoli', 'indices': [34, 48]}]
CagnoliTandil	Fri Nov 20 20:15:02 +0000 2015	2	1	"Picada Liviana. Sabores frescos y naturales con Salames y Quesos livianos.
Mas datos en https://t.co/kOZj4hUCfc https://t.co/BucfR8cxbL"	https://twitter.com/CagnoliTandil/status/667798324666359808	[]
CagnoliTandil	Thu Nov 19 16:55:15 +0000 2015	13	14	"#HoyJuegaSanta 21:15 con @FerroOficial, semi por el 2do ascenso a Primera. 
Vamos @clubsantamarina! Vamos Tandil! https://t.co/EtIZGiiTLG"	https://twitter.com/CagnoliTandil/status/667385658885976064	[{'text': 'HoyJuegaSanta', 'indices': [0, 14]}]
CagnoliTandil	Thu Nov 19 01:21:11 +0000 2015	3	4	"Mañana todos apoyemos al equipo de la ciudad y copemos el San Martín!
Vamos @clubsantamarina! Vamos #Tandil! https://t.co/g8oGInmRmI"	https://twitter.com/CagnoliTandil/status/667150595615301638	[{'text': 'Tandil', 'indices': [100, 107]}]
CagnoliTandil	Thu Nov 12 16:24:08 +0000 2015	1	0	"Preparate para el clásico de esta noche con una #PicadaCagnoli y amigos.
@Argentina #VamosArgentina #Eliminatorias https://t.co/9yGBTwPx7B"	https://twitter.com/CagnoliTandil/status/664841114088771586	[{'text': 'PicadaCagnoli', 'indices': [48, 62]}, {'text': 'VamosArgentina', 'indices': [84, 99]}, {'text': 'Eliminatorias', 'indices': [100, 114]}]
CagnoliTandil	Thu Nov 12 15:05:20 +0000 2015	5	2	"¿Ya estás entrenado para la #Tandilia2015?
Desafiá a tus amigos e invitalos a correrla. @TurismoTandil #Tandil https://t.co/c2bki4M6Op"	https://twitter.com/CagnoliTandil/status/664821284963008512	[{'text': 'Tandilia2015', 'indices': [28, 41]}, {'text': 'Tandil', 'indices': [103, 110]}]
CagnoliTandil	Mon Nov 09 17:06:56 +0000 2015	11	7	"¡Hoy todos a alentar a Santa!
20:30 vs @EstudiantesSan, por la #BNacional
Vamos @clubsantamarina y #Tandil! https://t.co/Wr7EoGok5p"	https://twitter.com/CagnoliTandil/status/663764722789953536	[{'text': 'BNacional', 'indices': [63, 73]}, {'text': 'Tandil', 'indices': [99, 106]}]
CagnoliTandil	Wed Nov 04 13:50:49 +0000 2015	3	1	Su suave sabor, es fruto de la combinación de carne de cerdo con la dosis justa de pimienta blanca #FuetDeTandil https://t.co/1IKDyzfs3h	https://twitter.com/CagnoliTandil/status/661903428789141504	[{'text': 'FuetDeTandil', 'indices': [99, 112]}]
CagnoliTandil	Fri Oct 23 16:27:46 +0000 2015	1	3	"#PicadaCagnoli #Viernes
Disfrutá de un momento genuino, con amigos o en familia. 
¡Buen fin de semana! https://t.co/3e1OIvkQXT"	https://twitter.com/CagnoliTandil/status/657594272267567104	[{'text': 'PicadaCagnoli', 'indices': [0, 14]}, {'text': 'Viernes', 'indices': [15, 23]}]
CagnoliTandil	Fri Oct 16 21:04:15 +0000 2015	0	0	#FindeSemana #Picada Puro Sabor. Para paladares exigentes, conocé mas en la Guía de Sabores http://t.co/ZTW2C7dfLy http://t.co/FZpkboM0Xq	https://twitter.com/CagnoliTandil/status/655127135645007872	[{'text': 'FindeSemana', 'indices': [0, 12]}, {'text': 'Picada', 'indices': [13, 20]}]
CagnoliTandil	Thu Oct 15 01:43:16 +0000 2015	2	1	Gracias @tati_schapiro y @PoneleFmUno! Excelente el programa. https://t.co/nxXWX93eKV	https://twitter.com/CagnoliTandil/status/654472577402937344	[]
CagnoliTandil	Sat Oct 03 16:54:26 +0000 2015	4	3	No te lo pierdas!!! @FestivalRaiz en @TecnopolisArg  https://t.co/L6VsXLVyfN	https://twitter.com/CagnoliTandil/status/650353225598693377	[]
CagnoliTandil	Fri Oct 02 21:49:19 +0000 2015	2	10	"¡Mañana todos a alentar a Santa!
18:30 vs @ClubPatronatoOf, por la #BNacional
Vamos @clubsantamarina y #Tandil! http://t.co/VIJ97axpFz"	https://twitter.com/CagnoliTandil/status/650065047226597376	[{'text': 'BNacional', 'indices': [67, 77]}, {'text': 'Tandil', 'indices': [103, 110]}]
CagnoliTandil	Sat Sep 26 17:21:33 +0000 2015	6	6	Los esperamos en la #Expo2015 en la Sociedad Rural de #LasFlores con todos nuestros productos. http://t.co/FkA9pBm105	https://twitter.com/CagnoliTandil/status/647823332113547265	[{'text': 'Expo2015', 'indices': [20, 29]}, {'text': 'LasFlores', 'indices': [54, 64]}]
CagnoliTandil	Fri Sep 18 21:04:06 +0000 2015	0	0	#Viernes y #PicadaCagnoli Organizá y disfrutá la tuya con amigos o en familia. http://t.co/biTRdlCxaM	https://twitter.com/CagnoliTandil/status/644980238573797376	[{'text': 'Viernes', 'indices': [0, 8]}, {'text': 'PicadaCagnoli', 'indices': [11, 25]}]
CagnoliTandil	Fri Sep 11 20:35:20 +0000 2015	2	1	"#Viernes #FinDeSemana y #PicadaCagnoli
¿Con quién la acompañarías? RT y organizá. http://t.co/CuF1hIbqNx"	https://twitter.com/CagnoliTandil/status/642436283550273536	[{'text': 'Viernes', 'indices': [0, 8]}, {'text': 'FinDeSemana', 'indices': [9, 21]}, {'text': 'PicadaCagnoli', 'indices': [24, 38]}]
CagnoliTandil	Sat Aug 29 15:41:00 +0000 2015	0	0	@LauUPdas, comunicate a comercializacion@cagnoli.com, y te darán todas las posibilidades para conseguir nuestros productos. Saludos.	https://twitter.com/CagnoliTandil/status/637651171705012225	[]
CagnoliTandil	Fri Aug 28 20:35:47 +0000 2015	6	4	"#Viernes Te enseñamos a decorar tu #Picada de forma creativa.
Mirá nuestra Guía de Sabores en http://t.co/kOZj4hUCfc http://t.co/HQwxFFtlTt"	https://twitter.com/CagnoliTandil/status/637362965038170113	[{'text': 'Viernes', 'indices': [0, 8]}, {'text': 'Picada', 'indices': [35, 42]}]
CagnoliTandil	Tue Aug 11 14:07:12 +0000 2015	6	12	"#HoyJuegaSanta, 20:30 con @VillaDalmineOK, te esperamos en el San Martín #BNacional
Vamos @clubsantamarina y #Tandil http://t.co/uzNP8IBhFR"	https://twitter.com/CagnoliTandil/status/631104584010891264	[{'text': 'HoyJuegaSanta', 'indices': [0, 14]}, {'text': 'BNacional', 'indices': [73, 83]}, {'text': 'Tandil', 'indices': [109, 116]}]
CagnoliTandil	Wed Aug 05 22:00:10 +0000 2015	1	1	"#ArmaTuPicada #Cagnoli
Algunos consejos para para lograr una excelente presentación de tu picada. http://t.co/8MKKuT5qMm"	https://twitter.com/CagnoliTandil/status/629049280549011456	[{'text': 'ArmaTuPicada', 'indices': [0, 13]}, {'text': 'Cagnoli', 'indices': [14, 22]}]
CagnoliTandil	Sat Aug 01 14:15:57 +0000 2015	0	0	Recibiendo en #ExpoRural2015 a #Sobrevivientes de @Rivadavia630, junto a @LaRural_BsAs Muchas Gracias! http://t.co/Cf3xOb9YxL	https://twitter.com/CagnoliTandil/status/627482905741258752	[{'text': 'ExpoRural2015', 'indices': [14, 28]}, {'text': 'Sobrevivientes', 'indices': [31, 46]}]
CagnoliTandil	Sat Aug 01 14:13:17 +0000 2015	0	0	En los últimos días de #ExpoRural2015 dando la bienvenida #LaVuelta de @Continental_  en @LaRural_BsAs Muchas Gracias http://t.co/lk5sPUiwvv	https://twitter.com/CagnoliTandil/status/627482236137422848	[{'text': 'ExpoRural2015', 'indices': [23, 37]}, {'text': 'LaVuelta', 'indices': [58, 67]}]
CagnoliTandil	Thu Jul 30 16:58:18 +0000 2015	2	0	No dejen de visitar @PampaFlorida, todos los sabores de #Tandil en Capital https://t.co/IwZCk57XD7	https://twitter.com/CagnoliTandil/status/626798988520517632	[{'text': 'Tandil', 'indices': [56, 63]}]
CagnoliTandil	Wed Jul 29 23:09:10 +0000 2015	0	1	"#ArmáTuPicada
Algunos tips para que tengas en cuenta al cortar un salame
Más en http://t.co/GF7A67c6qz http://t.co/uKNubJ1Xvl"	https://twitter.com/CagnoliTandil/status/626529929128247296	[{'text': 'ArmáTuPicada', 'indices': [0, 13]}]
CagnoliTandil	Tue Jul 28 00:17:44 +0000 2015	3	1	Terminando la Jornada con #VolviendoaCasa, Recibiendo a @radiomitre junto a @LaRural_BsAs Gracias por la Buena Onda! http://t.co/SgarY9v2qn	https://twitter.com/CagnoliTandil/status/625822410231689216	[{'text': 'VolviendoaCasa', 'indices': [26, 41]}]
CagnoliTandil	Tue Jul 28 00:13:22 +0000 2015	6	1	En conjunto con @LaRural_BsAs  recibimos a #LeDoyMiPalabra Muchas Gracias por la Buena Onda!! @radiomitre http://t.co/2v4lgSXSM4	https://twitter.com/CagnoliTandil/status/625821312926253056	[{'text': 'LeDoyMiPalabra', 'indices': [43, 58]}]
CagnoliTandil	Tue Jul 28 00:06:15 +0000 2015	4	1	En la segunda semana de La Expo Rural 2015, le dimos la bienvenida a #EncendidosEnLaTarde @radiomitre @LaRural_BsAs http://t.co/sYUYtrINc6	https://twitter.com/CagnoliTandil/status/625819522424029184	[{'text': 'EncendidosEnLaTarde', 'indices': [69, 89]}]
CagnoliTandil	Sun Jul 26 00:17:03 +0000 2015	12	8	"#JuegaSanta, mañana 11hs con @CACCSANTIAGO, te esperamos en el San Martín #BNacional
Vamos @clubsantamarina y #Tandil http://t.co/YPskznZaDo"	https://twitter.com/CagnoliTandil/status/625097463372890113	[{'text': 'JuegaSanta', 'indices': [0, 11]}, {'text': 'BNacional', 'indices': [74, 84]}, {'text': 'Tandil', 'indices': [110, 117]}]
CagnoliTandil	Fri Jul 24 21:53:02 +0000 2015	1	0	"#Viernes! Nada mejor que  una #PicadaCagnoli.
Disfrutá de un momento genuino, con amigos o en familia. 
#findesemana http://t.co/91xZtBpJtg"	https://twitter.com/CagnoliTandil/status/624698832912261121	[{'text': 'Viernes', 'indices': [0, 8]}, {'text': 'PicadaCagnoli', 'indices': [30, 44]}, {'text': 'findesemana', 'indices': [104, 116]}]
CagnoliTandil	Thu Jul 09 23:00:46 +0000 2015	13	9	Acercate a nuestro stand en #CaminosySabores y disfrutá los productos genuinos de #Tandil @feriacys @PrensaTurismoBA http://t.co/mcGD5mRCfg	https://twitter.com/CagnoliTandil/status/619280059879288832	[{'text': 'CaminosySabores', 'indices': [28, 44]}, {'text': 'Tandil', 'indices': [82, 89]}]
CagnoliTandil	Fri Jul 03 20:37:32 +0000 2015	0	0	"¿Organizaste la #PicadaCagnoli de mañana? Lo mejor para la previa de la #Final
@CA2015 #Chile2015 #Arg #Chi 17:00hs http://t.co/YK9Zv5BnN5"	https://twitter.com/CagnoliTandil/status/617069687541772288	[{'text': 'PicadaCagnoli', 'indices': [16, 30]}, {'text': 'Final', 'indices': [72, 78]}, {'text': 'Chile2015', 'indices': [87, 97]}, {'text': 'Arg', 'indices': [98, 102]}, {'text': 'Chi', 'indices': [103, 107]}]
CagnoliTandil	Tue Jun 30 13:50:20 +0000 2015	0	0	"¿Quien se encarga de la #PicadaCagnoli de hoy?
@CA2015 #Chile2015 #Arg #Par 20:30hs http://t.co/ncK68otCft"	https://twitter.com/CagnoliTandil/status/615880046549536768	[{'text': 'PicadaCagnoli', 'indices': [24, 38]}, {'text': 'Chile2015', 'indices': [55, 65]}, {'text': 'Arg', 'indices': [66, 70]}, {'text': 'Par', 'indices': [71, 75]}]
CagnoliTandil	Tue Jun 30 02:12:16 +0000 2015	0	1	Cata de Vinos de #Bienbebidos en #GoldenBar #Tandil http://t.co/1B6D6znmOD	https://twitter.com/CagnoliTandil/status/615704373021290496	[{'text': 'Bienbebidos', 'indices': [17, 29]}, {'text': 'GoldenBar', 'indices': [33, 43]}, {'text': 'Tandil', 'indices': [44, 51]}]
CagnoliTandil	Mon Jun 29 15:18:31 +0000 2015	1	2	"#HoyJuegaSanta 20:30 con @ClubSpBelgrano, los esperamos en el San Martín #BNacional
Vamos @clubsantamarina y #Tandil http://t.co/8NSB7xi3SD"	https://twitter.com/CagnoliTandil/status/615539853317533696	[{'text': 'HoyJuegaSanta', 'indices': [0, 14]}, {'text': 'BNacional', 'indices': [73, 83]}, {'text': 'Tandil', 'indices': [109, 116]}]
CagnoliTandil	Fri Jun 26 18:04:14 +0000 2015	2	0	Esta noche, selección y #PicadaCagnoli, ¡La combinación perfecta! #VamosArgentina #CopaAmerica http://t.co/jXXTWfpR3c	https://twitter.com/CagnoliTandil/status/614494392922054656	[{'text': 'PicadaCagnoli', 'indices': [24, 38]}, {'text': 'VamosArgentina', 'indices': [66, 81]}, {'text': 'CopaAmerica', 'indices': [82, 94]}]
CagnoliTandil	Sun Jun 21 16:13:57 +0000 2015	3	1	#FelizDiaDelPadre Les deseamos lo mejor en su día y que disfruten en #Familia http://t.co/AAW1X8wzWI	https://twitter.com/CagnoliTandil/status/612654699322458112	[{'text': 'FelizDiaDelPadre', 'indices': [0, 17]}, {'text': 'Familia', 'indices': [69, 77]}]
CagnoliTandil	Fri Jun 19 21:20:51 +0000 2015	1	0	¿#Viernes de Peña? ¿Con quien vas a acompañar tu #PicadaCagnoli? #findesemana http://t.co/asZ2v7yGsM	https://twitter.com/CagnoliTandil/status/612007159069560833	[{'text': 'Viernes', 'indices': [1, 9]}, {'text': 'PicadaCagnoli', 'indices': [49, 63]}, {'text': 'findesemana', 'indices': [65, 77]}]
CagnoliTandil	Mon Jun 15 00:16:07 +0000 2015	6	4	En el San Martín de #Tandil @clubsantamarina y @GimnasiadeJujuy. #BNacional @DXTVparatodos @bernoparedes http://t.co/sdI2j87zbX	https://twitter.com/CagnoliTandil/status/610239323422752768	[{'text': 'Tandil', 'indices': [20, 27]}, {'text': 'BNacional', 'indices': [65, 75]}]
CagnoliTandil	Sat Jun 13 15:14:48 +0000 2015	0	1	"Alentá a la selección desde casa con una #PicadaCagnoli entre amigos o en Familia.
#VamosArgentina #CopaAmerica http://t.co/vCK7b25EGI"	https://twitter.com/CagnoliTandil/status/609740710363987969	[{'text': 'PicadaCagnoli', 'indices': [41, 55]}, {'text': 'VamosArgentina', 'indices': [83, 98]}, {'text': 'CopaAmerica', 'indices': [99, 111]}]
CagnoliTandil	Fri Jun 12 22:59:56 +0000 2015	4	2	"#Viernes de #PicadaCagnoli y #CopaAmerica
Disfrutá de un momento genuino, con amigos o en familia. http://t.co/mkDozRNauh"	https://twitter.com/CagnoliTandil/status/609495375288922112	[{'text': 'Viernes', 'indices': [0, 8]}, {'text': 'PicadaCagnoli', 'indices': [12, 26]}, {'text': 'CopaAmerica', 'indices': [29, 41]}]
CagnoliTandil	Sun Jun 07 17:24:42 +0000 2015	1	0	#FELIZDIADELPERIODISTA @marianopeluffo, a disfrutarlo!!! https://t.co/XLsYdamRTd	https://twitter.com/CagnoliTandil/status/607599072971759616	[{'text': 'FELIZDIADELPERIODISTA', 'indices': [0, 22]}]
CagnoliTandil	Sun Jun 07 14:06:51 +0000 2015	1	1	#FELIZDIADELPERIODISTA http://t.co/rLgb6EuBel	https://twitter.com/CagnoliTandil/status/607549282787409920	[{'text': 'FELIZDIADELPERIODISTA', 'indices': [0, 22]}]
CagnoliTandil	Sun Jun 07 01:02:35 +0000 2015	8	4	"Hoy en #Vela. #TrenTurísticoGastronómico finalizó la #SemanaDelTurismoTandilense.
@TurismoTandil @BAesTurismo http://t.co/Yo7wMxAWdD"	https://twitter.com/CagnoliTandil/status/607351917250015233	[{'text': 'Vela', 'indices': [7, 12]}, {'text': 'TrenTurísticoGastronómico', 'indices': [14, 40]}, {'text': 'SemanaDelTurismoTandilense', 'indices': [53, 80]}]
CagnoliTandil	Fri Jun 05 21:11:54 +0000 2015	1	0	"#EsBienDeArgentino #Viernes de #PicadaCagnoli.
¿Con quien la acompañarías?
Arrancá con todo el fin de semana. http://t.co/HnQXKXTwvs"	https://twitter.com/CagnoliTandil/status/606931475259400193	[{'text': 'EsBienDeArgentino', 'indices': [0, 18]}, {'text': 'Viernes', 'indices': [19, 27]}, {'text': 'PicadaCagnoli', 'indices': [31, 45]}]
CagnoliTandil	Fri Jun 05 18:03:46 +0000 2015	3	0	#workshop taller sobre #redacción para Facebook y Twitter a cargo de @RicardoPalmie http://t.co/cL6E66qSwU	https://twitter.com/CagnoliTandil/status/606884128659775488	[{'text': 'workshop', 'indices': [0, 9]}, {'text': 'redacción', 'indices': [23, 33]}]
CagnoliTandil	Thu Jun 04 02:13:09 +0000 2015	1	3	Muy Feliz Día a los inmigrantes Italianos que engrandecieron nuestra patria #DonPedroCagnoli #Fundador #Italiano http://t.co/qPoPIktc13	https://twitter.com/CagnoliTandil/status/606282510331428864	[{'text': 'DonPedroCagnoli', 'indices': [76, 92]}, {'text': 'Fundador', 'indices': [93, 102]}, {'text': 'Italiano', 'indices': [103, 112]}]
CagnoliTandil	Mon May 25 15:34:43 +0000 2015	2	0	#25deMayo #FelizDiaDeLaPatria http://t.co/ygpSTr8skQ	https://twitter.com/CagnoliTandil/status/602860351990927361	[{'text': '25deMayo', 'indices': [0, 9]}, {'text': 'FelizDiaDeLaPatria', 'indices': [10, 29]}]
CagnoliTandil	Sun May 17 16:53:05 +0000 2015	3	0	Los esperamos con nuestros mejores productos en #CelebraCentro, hoy último día! En el Dorrego, Zapiola 50 http://t.co/EgWuGaXQmW	https://twitter.com/CagnoliTandil/status/599980972550029312	[{'text': 'CelebraCentro', 'indices': [48, 62]}]
CagnoliTandil	Sat May 16 23:01:12 +0000 2015	2	1	"Sábado. Asado con amigos y #PicadaCagnoli.
Con qué vas a acompañarla? http://t.co/CvJ1bqUxAy"	https://twitter.com/CagnoliTandil/status/599711223324745728	[{'text': 'PicadaCagnoli', 'indices': [27, 41]}]
CagnoliTandil	Tue May 12 03:32:09 +0000 2015	8	5	Hoy estuvimos en el San Martín @clubsantamarina 3 @JuventudUnida8 0 por la fecha 15 de la #BNacional http://t.co/zmpM6XBdbQ	https://twitter.com/CagnoliTandil/status/597967472885633024	[{'text': 'BNacional', 'indices': [90, 100]}]
CagnoliTandil	Sun Apr 05 12:37:29 +0000 2015	1	0	"#FelicesPascuas.
Nuestros mejores deseos para este día. http://t.co/Rhqeb4RUxW"	https://twitter.com/CagnoliTandil/status/584696356528386051	[{'text': 'FelicesPascuas', 'indices': [0, 15]}]
CagnoliTandil	Sat Apr 04 12:34:18 +0000 2015	4	3	#SemanaSanta venís a conocer el museo del #SalameDeTandil al pie del Parque Independencia @ConsejoDOT @TurismoTandil http://t.co/bR83YDhbCZ	https://twitter.com/CagnoliTandil/status/584333168129474560	[{'text': 'SemanaSanta', 'indices': [0, 12]}, {'text': 'SalameDeTandil', 'indices': [42, 57]}]
CagnoliTandil	Wed Apr 01 18:29:34 +0000 2015	3	2	#SemanaSanta2015 te esperamos en el Jardín de la Paz para disfrutar del verdadero Sabor Genuino. #FeriaGastronómica http://t.co/HqanrGQMNJ	https://twitter.com/CagnoliTandil/status/583335411038203904	[{'text': 'SemanaSanta2015', 'indices': [0, 16]}, {'text': 'FeriaGastronómica', 'indices': [97, 115]}]
CagnoliTandil	Mon Mar 30 16:31:56 +0000 2015	4	7	Visita del gobernador de Tucumán @JoseAlperovich al San Martín. @clubsantamarina 1 @ATOficial 0 http://t.co/b0eb1PrM7p	https://twitter.com/CagnoliTandil/status/582581033184468993	[]
CagnoliTandil	Sat Mar 28 18:01:14 +0000 2015	2	4	#EXPOTAN ahora. Venite a disfrutar tu sandwich preferido. Choripán, Bondiola al Disco, Matambrito y más... http://t.co/YYGh4bRMXd	https://twitter.com/CagnoliTandil/status/581878729317728256	[{'text': 'EXPOTAN', 'indices': [0, 8]}]
CagnoliTandil	Fri Mar 27 16:03:08 +0000 2015	6	1	"Vení a #Expotan2015 y disfrutá nuestras especialidades al disco o al asador.
Hasta el Domingo 29, de 10 a 20hs. http://t.co/OP0IkZI5T0"	https://twitter.com/CagnoliTandil/status/581486618575519744	[{'text': 'Expotan2015', 'indices': [7, 19]}]
CagnoliTandil	Fri Mar 20 13:56:26 +0000 2015	8	12	#BNacional Hoy 20:30 @clubsantamarina de #tandil ante @FerroOficial, en el San Martín. Te esperamos! http://t.co/9WoMtPH4uU	https://twitter.com/CagnoliTandil/status/578918022045437953	[{'text': 'BNacional', 'indices': [0, 10]}, {'text': 'tandil', 'indices': [41, 48]}]
CagnoliTandil	Fri Mar 13 19:29:26 +0000 2015	7	9	"#HoyJuegaSanta a las 22 ante @CACCSANTIAGO Fecha 5 #BNacional 
Orgulloso de ser Genuino de #Tandil @clubsantamarina http://t.co/4ywHBDtrwm"	https://twitter.com/CagnoliTandil/status/576465108286590976	[{'text': 'HoyJuegaSanta', 'indices': [0, 14]}, {'text': 'BNacional', 'indices': [51, 61]}, {'text': 'Tandil', 'indices': [91, 98]}]
CagnoliTandil	Sun Mar 08 03:07:07 +0000 2015	3	2	@clubsantamarina 2 @GimnasiaMendoza 0 4ta fecha de la #BNacional @bernoparedes @DXTVparatodos #PabloBari http://t.co/THLNvtGk5r	https://twitter.com/CagnoliTandil/status/574405958513913856	[{'text': 'BNacional', 'indices': [54, 64]}, {'text': 'PabloBari', 'indices': [94, 104]}]
CagnoliTandil	Fri Mar 06 20:14:02 +0000 2015	3	0	#SalameDOT y #amigos, la mejor combinación para la picada de este Viernes. @ConsejoDOT http://t.co/YNFlFFpEoV	https://twitter.com/CagnoliTandil/status/573939617067569152	[{'text': 'SalameDOT', 'indices': [0, 10]}, {'text': 'amigos', 'indices': [13, 20]}]
CagnoliTandil	Thu Mar 05 20:24:27 +0000 2015	6	7	#BNacional el Sábado @clubsantamarina de #tandil a las 21:10 ante @GimnasiaMendoza, en el San Martín. Te esperamos! http://t.co/UJpTtan5Vi	https://twitter.com/CagnoliTandil/status/573579848972697601	[{'text': 'BNacional', 'indices': [0, 10]}, {'text': 'tandil', 'indices': [41, 48]}]
CagnoliTandil	Fri Feb 27 15:14:29 +0000 2015	3	3	"Cual es tu Preferido? Fino o Grueso? Entrá al link y participá! Sorteamos el Domingo
https://t.co/LgEWKmYzu4 http://t.co/2qHsT01uMV"	https://twitter.com/CagnoliTandil/status/571327516532719618	[]
CagnoliTandil	Mon Feb 23 20:25:56 +0000 2015	4	6	"@ArgentinaOpen #tenis hoy juegan los tandilenses @machigonzalez1 y @picomonaco 
Orgulloso de ser Genuino de Tandil. http://t.co/1qUHUFq0WD"	https://twitter.com/CagnoliTandil/status/569956344020783104	[{'text': 'tenis', 'indices': [15, 21]}]
CagnoliTandil	Sun Feb 22 03:32:57 +0000 2015	5	5	Hoy estuvimos en el San Martín @clubsantamarina 0 @clublosandes 0 por la 2 fecha de la #BNacional http://t.co/Gmc4Y8YeGw	https://twitter.com/CagnoliTandil/status/569339029210173440	[{'text': 'BNacional', 'indices': [87, 97]}]
CagnoliTandil	Sat Feb 21 19:22:23 +0000 2015	2	4	#HoyJuegaSanta a las 21:30 ante #LosAndes, por la Fecha 2 de la #BNacional en el Estadio San Martín. Te esperamos http://t.co/Y7VOe1qBx1	https://twitter.com/CagnoliTandil/status/569215576402481152	[{'text': 'HoyJuegaSanta', 'indices': [0, 14]}, {'text': 'LosAndes', 'indices': [32, 41]}, {'text': 'BNacional', 'indices': [64, 74]}]
CagnoliTandil	Fri Feb 20 18:37:42 +0000 2015	0	0	"Ahora también podés seguirnos a través de #Instagram y ver imágenes exclusivas.
http://t.co/fq0BpNU5bi http://t.co/8C6wcoLeLc"	https://twitter.com/CagnoliTandil/status/568841941741379584	[{'text': 'Instagram', 'indices': [42, 52]}]
CagnoliTandil	Thu Feb 19 20:00:25 +0000 2015	7	7	Seguinos en Facebook y participá por tu producto preferido https://t.co/k4atdlbKAj http://t.co/W55TOEAnHX	https://twitter.com/CagnoliTandil/status/568500371586473984	[]
CagnoliTandil	Fri Feb 13 21:54:26 +0000 2015	0	4	#FindeLargo y #PicadaCagnoli, organizá con tus amigos para esta noche. http://t.co/fxzCqYwXfM	https://twitter.com/CagnoliTandil/status/566354737680105474	[{'text': 'FindeLargo', 'indices': [0, 11]}, {'text': 'PicadaCagnoli', 'indices': [14, 28]}]
CagnoliTandil	Thu Feb 12 19:23:34 +0000 2015	0	2	NUEVO RECORD. EL SALAME MAS GRANDE DE AMÉRICA http://t.co/V7eyLUGxxh	https://twitter.com/CagnoliTandil/status/565954383725465601	[]
CagnoliTandil	Sat Feb 07 19:25:01 +0000 2015	4	4	Nuevo Record #SalameMasLargoDeAmerica con 20,9mts. @juanbraceli @ConsejoDOT http://t.co/y4d8fRGnZR	https://twitter.com/CagnoliTandil/status/564142810199519232	[{'text': 'SalameMasLargoDeAmerica', 'indices': [13, 37]}]
CagnoliTandil	Sun Feb 01 01:26:11 +0000 2015	3	6	Presentación #SalameMasLargoDeAmerica en la peatonal de Tandil #FestivalDeLaSierra2015 @ConsejoDOT @TurismoTandil http://t.co/4utrQPZruQ	https://twitter.com/CagnoliTandil/status/561696984357404672	[{'text': 'SalameMasLargoDeAmerica', 'indices': [13, 37]}, {'text': 'FestivalDeLaSierra2015', 'indices': [63, 86]}]
CagnoliTandil	Fri Jan 30 20:39:50 +0000 2015	1	0	"Probaste la Spianatta Tandilera?
Invitá a tus #amigos y organizá tu #PicadaCagnoli de esta noche. http://t.co/HVmEtP59Bx"	https://twitter.com/CagnoliTandil/status/561262535958339585	[{'text': 'amigos', 'indices': [46, 53]}, {'text': 'PicadaCagnoli', 'indices': [68, 82]}]
CagnoliTandil	Fri Jan 23 22:49:54 +0000 2015	4	3	"#HoyEsViernes, #Picada y #Amigos.
Con qué la vas acompañar? http://t.co/4XJ32cMEwf"	https://twitter.com/CagnoliTandil/status/558758552098308097	[{'text': 'HoyEsViernes', 'indices': [0, 13]}, {'text': 'Picada', 'indices': [15, 22]}, {'text': 'Amigos', 'indices': [25, 32]}]
CagnoliTandil	Wed Jan 21 19:40:59 +0000 2015	0	1	"Cortá la semana con una #PicadaCagnoli.
Invitá a tus amigos y organizá para esta noche. http://t.co/DjxkbNMMoh"	https://twitter.com/CagnoliTandil/status/557986231074955265	[{'text': 'PicadaCagnoli', 'indices': [24, 38]}]
CagnoliTandil	Sat Jan 17 22:57:04 +0000 2015	10	7	"Conseguí tu entrada para Gala Chacinar 2015. A beneficio de @MsTandil.
Mas información en https://t.co/ATST2LWuCQ http://t.co/ydANyxM8jL"	https://twitter.com/CagnoliTandil/status/556586028111499264	[]
CagnoliTandil	Fri Jan 16 14:30:53 +0000 2015	6	11	"Ya votaste a tu Clásico? Picado Fino o Grueso?
Entrá a https://t.co/QQCz5XxKwf  y participá por un baúl tandilero. http://t.co/eRfzj7dS0t"	https://twitter.com/CagnoliTandil/status/556096252883255296	[]
CagnoliTandil	Mon Jan 12 00:54:23 +0000 2015	4	1	Ingresá a https://t.co/QQCz5XxKwf  y buscá tu foto “picando” en el #CruceTandilia Día 2 http://t.co/9SAJkzhaqO	https://twitter.com/CagnoliTandil/status/554441223294177280	[{'text': 'CruceTandilia', 'indices': [67, 81]}]
CagnoliTandil	Sun Jan 11 01:30:00 +0000 2015	3	1	Ingresá a https://t.co/QQCz5XxKwf y buscá tu foto “picando” en el #CruceTandilia. http://t.co/ATFoo4HMpo	https://twitter.com/CagnoliTandil/status/554087799046283265	[{'text': 'CruceTandilia', 'indices': [66, 80]}]
CagnoliTandil	Fri Jan 09 14:22:04 +0000 2015	1	1	"Solo falta 1 día para el #CruceOsdeTandilia 
¿Como te preparás? @crucetandilia http://t.co/PrUUhjGtFe"	https://twitter.com/CagnoliTandil/status/553557320534618112	[{'text': 'CruceOsdeTandilia', 'indices': [25, 43]}]
CagnoliTandil	Thu Jan 08 15:26:44 +0000 2015	0	0	Solo faltan 2 días para el #OsdeCruceTandilia te invitamos a disfrutar de una de las pruebas más importantes del año. http://t.co/5aMwkMCtAB	https://twitter.com/CagnoliTandil/status/553211207487074304	[{'text': 'OsdeCruceTandilia', 'indices': [27, 45]}]
CagnoliTandil	Thu Dec 25 01:04:00 +0000 2014	3	2	Nuestros mejores deseos de Paz y Felicidad para estas Fiestas!! http://t.co/KLdX7WGI3m	https://twitter.com/CagnoliTandil/status/547920664603398145	[]
CagnoliTandil	Thu Dec 18 12:54:38 +0000 2014	10	12	"Ya votaste a tu preferido?
Entrá a https://t.co/QQCz5XxKwf y participá por un baúl tandilero con tu producto favorito http://t.co/pdFudFsXyN"	https://twitter.com/CagnoliTandil/status/545562785850351616	[]
CagnoliTandil	Fri Dec 12 15:18:08 +0000 2014	8	5	Arrancá el #FindeSemana con una #PicadaCagnoli, invitá a tus amigos y organizá para esta noche. http://t.co/9ny8Th35lk	https://twitter.com/CagnoliTandil/status/543424571589001216	[{'text': 'FindeSemana', 'indices': [11, 23]}, {'text': 'PicadaCagnoli', 'indices': [32, 46]}]
CagnoliTandil	Tue Dec 09 20:11:06 +0000 2014	14	10	"GRACIAS jugadores, cuerpo técnico y dirigentes de @clubsantamarina por este 2014.
Orgulloso de ser Genuino de #Tandil http://t.co/zSRCOb5Vfz"	https://twitter.com/CagnoliTandil/status/542411132628000769	[{'text': 'Tandil', 'indices': [110, 117]}]
CagnoliTandil	Mon Dec 08 15:34:57 +0000 2014	6	10	#HoyJuegaSanta a las 18:10 @clubsantamarina ante @ATOficial por la última fecha de la #BNacional http://t.co/ezw74UQRFz	https://twitter.com/CagnoliTandil/status/541979249641799680	[{'text': 'HoyJuegaSanta', 'indices': [0, 14]}, {'text': 'BNacional', 'indices': [86, 96]}]
CagnoliTandil	Fri Dec 05 21:29:33 +0000 2014	0	0	Aprovechá el #FinDeSemanaLargo para compartir una picada y sacar tu selfie con amigos. https://t.co/SdFFRpgV1G	https://twitter.com/CagnoliTandil/status/540981325910781952	[{'text': 'FinDeSemanaLargo', 'indices': [13, 30]}]
CagnoliTandil	Fri Dec 05 12:42:26 +0000 2014	0	2	"Ingresá en nuestra Fan Page y participá de la promo, ""Selfie, Picada y Amigos"" https://t.co/80JvnrlT19 http://t.co/fyQbRkbIPs"	https://twitter.com/CagnoliTandil/status/540848671710261248	[]
CagnoliTandil	Thu Dec 04 21:23:51 +0000 2014	1	0	Arrancá el #FindeSemana con una #PicadaCagnoli, invitá a tus amigos y organizá para esta noche. http://t.co/12YXP8K5an	https://twitter.com/CagnoliTandil/status/540617504348188672	[{'text': 'FindeSemana', 'indices': [11, 23]}, {'text': 'PicadaCagnoli', 'indices': [32, 46]}]
CagnoliTandil	Sat Nov 29 17:57:35 +0000 2014	7	6	#HoyJuegaSanta a las 20hs todos al San Martín. @clubsantamarina ante @ClubSpBelgrano por la #BNacional http://t.co/jfwObBnKLe	https://twitter.com/CagnoliTandil/status/538753655265308672	[{'text': 'HoyJuegaSanta', 'indices': [0, 14]}, {'text': 'BNacional', 'indices': [92, 102]}]
CagnoliTandil	Fri Nov 28 23:18:05 +0000 2014	0	1	#JumboDeliAndWine #Cagnoli http://t.co/qgRzGvhqiU	https://twitter.com/CagnoliTandil/status/538471925014876161	[{'text': 'JumboDeliAndWine', 'indices': [0, 17]}, {'text': 'Cagnoli', 'indices': [18, 26]}]
CagnoliTandil	Fri Nov 28 23:03:43 +0000 2014	1	2	Ya estamos en Jumbo Deli &amp; Wine. Acercarte a probar nuestros productos! @CagnoliTandil #JumboDeliAndWine http://t.co/HecDWZSPtU	https://twitter.com/CagnoliTandil/status/538468309256400899	[{'text': 'JumboDeliAndWine', 'indices': [91, 108]}]
CagnoliTandil	Fri Nov 28 22:15:53 +0000 2014	0	0	@CagnoliTandil presente en La Casa de la Provincia, degustando nuestros productos! #Cagnoli #BA #BuenosAires http://t.co/Y7Uc7qXf4P	https://twitter.com/CagnoliTandil/status/538456271595532288	[{'text': 'Cagnoli', 'indices': [83, 91]}, {'text': 'BA', 'indices': [92, 95]}, {'text': 'BuenosAires', 'indices': [96, 108]}]
CagnoliTandil	Thu Nov 27 19:15:18 +0000 2014	1	2	Viví el #SuperClásico con tus amigos desde casa, disfrutando de una #PicadaCagnoli #River o #Boca ? http://t.co/GrblYHBbwe	https://twitter.com/CagnoliTandil/status/538048437103894529	[{'text': 'SuperClásico', 'indices': [8, 21]}, {'text': 'PicadaCagnoli', 'indices': [68, 82]}, {'text': 'River', 'indices': [83, 89]}, {'text': 'Boca', 'indices': [92, 97]}]
CagnoliTandil	Thu Nov 27 19:00:01 +0000 2014	0	0	Bienvenido #AVivirExteriores a Tandil, les deseamos una feliz estadía en nuestra ciudad @florcontinental @Continental_	https://twitter.com/CagnoliTandil/status/538044590188933120	[{'text': 'AVivirExteriores', 'indices': [11, 28]}]
CagnoliTandil	Thu Nov 20 20:29:43 +0000 2014	2	5	Viví el #SuperClásico con tus amigos desde casa, disfrutando de una #PicadaCagnoli http://t.co/wQ1Ftcn2hX	https://twitter.com/CagnoliTandil/status/535530449419137025	[{'text': 'SuperClásico', 'indices': [8, 21]}, {'text': 'PicadaCagnoli', 'indices': [68, 82]}]
CagnoliTandil	Mon Nov 17 20:54:25 +0000 2014	2	0	Felicitamos a todos los que participaron de la Tandilia, compitiendo o acompañando en una gran jornada en familia. http://t.co/9EYVHtMaAj	https://twitter.com/CagnoliTandil/status/534449502380621825	[]
CagnoliTandil	Sun Nov 16 09:53:52 +0000 2014	4	4	#HoyJuegaSanta a las 17:30 todos al San Martín. @clubsantamarina ante @SarmientoDJunin por la 19 de la #BNacional http://t.co/nylkSOz7wQ	https://twitter.com/CagnoliTandil/status/533920881676795904	[{'text': 'HoyJuegaSanta', 'indices': [0, 14]}, {'text': 'BNacional', 'indices': [103, 113]}]
CagnoliTandil	Wed Nov 12 22:01:34 +0000 2014	1	0	"@CagnoliTandil junto a @TEDxTandil
Faltan 2 días! http://t.co/KsvSlqr5AQ"	https://twitter.com/CagnoliTandil/status/532654460519317504	[]
CagnoliTandil	Mon Nov 10 17:04:15 +0000 2014	4	8	#HoyJuegaSanta a las 18:10. @clubsantamarina ante @CAHuracan por la #BNacional. Televisa @TV_Publica http://t.co/4SIlLHEAex	https://twitter.com/CagnoliTandil/status/531854862854918144	[{'text': 'HoyJuegaSanta', 'indices': [0, 14]}, {'text': 'BNacional', 'indices': [68, 78]}]
CagnoliTandil	Sat Nov 08 16:17:22 +0000 2014	0	0	Te invitamos a degustar nuestros productos en el #GPNacional @HipodromoArgPal , te esperamos! http://t.co/9GfuabUCmX	https://twitter.com/CagnoliTandil/status/531118290735992832	[{'text': 'GPNacional', 'indices': [49, 60]}]
CagnoliTandil	Sat Nov 08 02:53:41 +0000 2014	2	1	@CagnoliTandil explicando y mostrando el proceso productivo del salame en @a2noticias por @AmericaTV http://t.co/PjT0iMrVFj	https://twitter.com/CagnoliTandil/status/530916036632379392	[]
CagnoliTandil	Thu Nov 06 21:01:18 +0000 2014	0	0	"Arrancá el #FinDeSemana!!!
Organizá con tus #amigos la #PicadaCagnoli de esta noche. http://t.co/TdjIDd6PPT"	https://twitter.com/CagnoliTandil/status/530464967288696833	[{'text': 'FinDeSemana', 'indices': [11, 23]}, {'text': 'amigos', 'indices': [44, 51]}, {'text': 'PicadaCagnoli', 'indices': [55, 69]}]
CagnoliTandil	Thu Nov 06 03:57:38 +0000 2014	10	8	El Orgullo de ser Genuino de #Tandil @clubsantamarina #BNacional http://t.co/ZvU40iT9pz	https://twitter.com/CagnoliTandil/status/530207355024068608	[{'text': 'Tandil', 'indices': [29, 36]}, {'text': 'BNacional', 'indices': [54, 64]}]
CagnoliTandil	Wed Nov 05 13:37:42 +0000 2014	5	7	#HoyJuegaSanta a las 20:30 todos al San Martín. @clubsantamarina ante el líder @CATemperley por la #BNacional http://t.co/CHIzFdtC9I	https://twitter.com/CagnoliTandil/status/529990945857896448	[{'text': 'HoyJuegaSanta', 'indices': [0, 14]}, {'text': 'BNacional', 'indices': [99, 109]}]
CagnoliTandil	Tue Nov 04 21:26:58 +0000 2014	4	9	Mañana, todos al San Martín. @clubsantamarina ante @CATemperley por la Fecha 17 de la #BNacional http://t.co/xjQgjDJIKD	https://twitter.com/CagnoliTandil/status/529746653155426304	[{'text': 'BNacional', 'indices': [86, 96]}]
CagnoliTandil	Mon Nov 03 16:17:04 +0000 2014	1	4	Gracias @juanbraceli presentación de #ElSalameMasLargoDeAmerica en @FestivalRaiz @TecnopolisArg http://t.co/fw6zz3kbNO	https://twitter.com/CagnoliTandil/status/529306273083555840	[{'text': 'ElSalameMasLargoDeAmerica', 'indices': [37, 63]}]
CagnoliTandil	Sun Nov 02 13:25:33 +0000 2014	3	5	Hoy Vení a Conocer como se logró el record de #ElSalameMasLargoDeAmerica en @FestivalRaiz @TecnopolisArg http://t.co/lJcKw78o2X	https://twitter.com/CagnoliTandil/status/528900721857806338	[{'text': 'ElSalameMasLargoDeAmerica', 'indices': [46, 72]}]
CagnoliTandil	Fri Oct 31 22:56:10 +0000 2014	2	1	#HoyJuegaSanta a las 21:30 @clubsantamarina ante @IndependienteMz por la #BNacional http://t.co/VcXXWg3sbk	https://twitter.com/CagnoliTandil/status/528319546890129409	[{'text': 'HoyJuegaSanta', 'indices': [0, 14]}, {'text': 'BNacional', 'indices': [73, 83]}]
CagnoliTandil	Fri Oct 31 12:00:02 +0000 2014	2	2	El Domingo Vení a Conocer como se logró el record de #ElSalameMasLargoDeAmerica en @FestivalRaiz @TecnopolisArg http://t.co/HMI5mkKyAp	https://twitter.com/CagnoliTandil/status/528154425760559106	[{'text': 'ElSalameMasLargoDeAmerica', 'indices': [53, 79]}]
CagnoliTandil	Sun Oct 26 04:18:06 +0000 2014	9	13	El Orgullo de ser Genuino de #Tandil @clubsantamarina #BNacional http://t.co/Q54KOcmHVd	https://twitter.com/CagnoliTandil/status/526226239372398592	[{'text': 'Tandil', 'indices': [29, 36]}, {'text': 'BNacional', 'indices': [54, 64]}]
CagnoliTandil	Sat Oct 25 15:38:03 +0000 2014	6	8	#HoyJuegaSanta todos al San Martín, 20hs. @clubsantamarina ante @caallboys por la Fecha 15 de la #BNacional http://t.co/BuYQaSxc8N	https://twitter.com/CagnoliTandil/status/526034963448467456	[{'text': 'HoyJuegaSanta', 'indices': [0, 14]}, {'text': 'BNacional', 'indices': [97, 107]}]
CagnoliTandil	Fri Oct 24 20:18:57 +0000 2014	1	1	Mañana, todos al San Martín. @clubsantamarina ante @caallboys por la Fecha 15 de la #BNacional http://t.co/JkR3yquHDy	https://twitter.com/CagnoliTandil/status/525743269263994881	[{'text': 'BNacional', 'indices': [84, 94]}]
CagnoliTandil	Sun Oct 19 15:35:10 +0000 2014	3	3	#FelizDiaMama http://t.co/Zq9dDTtjAJ	https://twitter.com/CagnoliTandil/status/523859910359265280	[{'text': 'FelizDiaMama', 'indices': [0, 13]}]
CagnoliTandil	Fri Oct 17 20:56:41 +0000 2014	1	0	"Arrancó el #FinDeSemana!!!
Organizá con tus #amigos la #PicadaCagnoli de esta noche. http://t.co/UN7HdMslAT"	https://twitter.com/CagnoliTandil/status/523216048183840769	[{'text': 'FinDeSemana', 'indices': [11, 23]}, {'text': 'amigos', 'indices': [44, 51]}, {'text': 'PicadaCagnoli', 'indices': [55, 69]}]
CagnoliTandil	Wed Oct 15 20:10:53 +0000 2014	0	0	"Ya estás entrenando para la #Tandilia?
Desafía a tus amigos. 16/11 10hs. http://t.co/VHpQf0dK2k"	https://twitter.com/CagnoliTandil/status/522479746459111424	[{'text': 'Tandilia', 'indices': [28, 37]}]
CagnoliTandil	Thu Oct 09 17:55:51 +0000 2014	6	17	Mañana, todos al San Martín. @clubsantamarina ante el puntero @PrensaCrucero por la Fecha 13 de la #BNacional http://t.co/y5aoVn4nrx	https://twitter.com/CagnoliTandil/status/520271435760427008	[{'text': 'BNacional', 'indices': [99, 109]}]
CagnoliTandil	Tue Oct 07 21:08:00 +0000 2014	0	1	#NoMeVendriaNadaMal una #PicadaCagnoli con #amigos este #findelargo ¡RT si ya la estás organizando! http://t.co/2WXhC5O1sw	https://twitter.com/CagnoliTandil/status/519595018030292992	[{'text': 'NoMeVendriaNadaMal', 'indices': [0, 19]}, {'text': 'PicadaCagnoli', 'indices': [24, 38]}, {'text': 'amigos', 'indices': [43, 50]}, {'text': 'findelargo', 'indices': [56, 67]}]
CagnoliTandil	Tue Oct 07 17:07:30 +0000 2014	0	1	Participa de Tu Selfie con Mamá haciendo clic aquí! http://t.co/P7MjJ78cHO	https://twitter.com/CagnoliTandil/status/519534494789812225	[]
CagnoliTandil	Tue Oct 07 02:54:08 +0000 2014	3	3	Felicitaciones a los ganadores del sorteo realizado junto a @clubsantamarina http://t.co/zZgZBa38UA	https://twitter.com/CagnoliTandil/status/519319738305241090	[]
CagnoliTandil	Sun Oct 05 17:12:48 +0000 2014	0	0	Viví el #SuperClásico con tus amigos desde casa, disfrutando de una #PicadaCagnoli http://t.co/hXBLbLMpxC	https://twitter.com/CagnoliTandil/status/518811051329335296	[{'text': 'SuperClásico', 'indices': [8, 21]}, {'text': 'PicadaCagnoli', 'indices': [68, 82]}]
CagnoliTandil	Sat Oct 04 22:20:39 +0000 2014	1	0	Te esperamos en la #ExpoVino para degustar el #SalameMasLargoDeAmerica http://t.co/yQGK11FKXW	https://twitter.com/CagnoliTandil/status/518526138973691904	[{'text': 'ExpoVino', 'indices': [19, 28]}, {'text': 'SalameMasLargoDeAmerica', 'indices': [46, 70]}]
CagnoliTandil	Fri Oct 03 15:55:03 +0000 2014	5	3	"Al fin llegó el #Viernes!!!

Organizá la #PicadaCagnoli de esta noche con #amigos http://t.co/DbPdGxbkN6"	https://twitter.com/CagnoliTandil/status/518066710826729472	[{'text': 'Viernes', 'indices': [16, 24]}, {'text': 'PicadaCagnoli', 'indices': [41, 55]}, {'text': 'amigos', 'indices': [74, 81]}]
CagnoliTandil	Fri Oct 03 15:50:24 +0000 2014	2	1	"Subí una Selfie con Mamá y Ganá!

https://t.co/NTmuvojTuM"	https://twitter.com/CagnoliTandil/status/518065538296459265	[]
CagnoliTandil	Thu Oct 02 19:58:06 +0000 2014	2	0	"SUMÁ 1+ A TU MESA
12° Colecta Nacional Alimentos.
https://t.co/OdI1WhTVME
@BancoAlimentos @LiliCagnoli http://t.co/6yht0zbyvs"	https://twitter.com/CagnoliTandil/status/517765487703638016	[]
CagnoliTandil	Thu Oct 02 02:05:14 +0000 2014	9	8	El Orgullo de ser Genuino de #Tandil @clubsantamarina #BNacional http://t.co/YJWl5yMJ0h	https://twitter.com/CagnoliTandil/status/517495491320614912	[{'text': 'Tandil', 'indices': [29, 36]}, {'text': 'BNacional', 'indices': [54, 64]}]
CagnoliTandil	Wed Oct 01 17:36:46 +0000 2014	5	3	"#HoyJuegaSanta 20:30 vs @ATOficial por la 11 de la #BNacional en el San Martin
Vamos @clubsantamarina! Vamos #Tandil http://t.co/HGkXnhwXog"	https://twitter.com/CagnoliTandil/status/517367532928634881	[{'text': 'HoyJuegaSanta', 'indices': [0, 14]}, {'text': 'BNacional', 'indices': [51, 61]}, {'text': 'Tandil', 'indices': [109, 116]}]
CagnoliTandil	Tue Sep 30 18:57:20 +0000 2014	0	0	Ingresá a nuestra Fan Page de Facebook y ganate la nueva camiseta de Santa! https://t.co/5JgkUpEaSt http://t.co/iH0niKwNz1	https://twitter.com/CagnoliTandil/status/517025421121323009	[]
CagnoliTandil	Tue Sep 30 18:12:41 +0000 2014	0	0	"CAGNOLI ha lanzado un Concurso de Imágenes ""Tu Selfie con Mamá"". Haz clic aquí para participar! http://t.co/P7MjJ78cHO"	https://twitter.com/CagnoliTandil/status/517014181522833408	[]
CagnoliTandil	Mon Sep 29 15:01:24 +0000 2014	9	18	Este Miércoles, todos al San Martín. @clubsantamarina ante el puntero @atleticotucuman por la 11 de la #BNacional http://t.co/yrqQkMMLV6	https://twitter.com/CagnoliTandil/status/516603655550947328	[{'text': 'BNacional', 'indices': [103, 113]}]
CagnoliTandil	Sat Sep 27 03:47:42 +0000 2014	8	14	"El Orgullo de ser Genuino de Tandil.
@clubsantamarina #BNacional http://t.co/u6bCumMzo7"	https://twitter.com/CagnoliTandil/status/515709340846936064	[{'text': 'BNacional', 'indices': [54, 64]}]
CagnoliTandil	Fri Sep 26 13:49:14 +0000 2014	4	8	"#HoyJuegaSanta 21hs vs @ClubSpBelgrano por la 10 de la #BNacional
Vamos @clubsantamarina! Vamos Tandil! http://t.co/j9XAqq6yvo"	https://twitter.com/CagnoliTandil/status/515498333121814528	[{'text': 'HoyJuegaSanta', 'indices': [0, 14]}, {'text': 'BNacional', 'indices': [55, 65]}]
CagnoliTandil	Thu Sep 25 17:51:13 +0000 2014	2	1	Arrancá el Jueves el #FindeSemana Con una Sopresatta a la Italiana en tu #PicadaCagnoli y #Amigos http://t.co/yY03h92GjL	https://twitter.com/CagnoliTandil/status/515196839529054208	[{'text': 'FindeSemana', 'indices': [21, 33]}, {'text': 'PicadaCagnoli', 'indices': [73, 87]}, {'text': 'Amigos', 'indices': [90, 97]}]
CagnoliTandil	Tue Sep 23 02:34:41 +0000 2014	1	0	@salasalejandra Que los disfruten!!! Los esperamos pronto por #Tandil	https://twitter.com/CagnoliTandil/status/514241412473585665	[{'text': 'Tandil', 'indices': [62, 69]}]
CagnoliTandil	Mon Sep 22 15:41:14 +0000 2014	4	7	"#HoyJuegaSanta 20:30 vs @CPatronato por la 9 de la #BNacional en el San Martin.
Vamos @clubsantamarina! Vamos Tandil! http://t.co/WtVqFsMjVw"	https://twitter.com/CagnoliTandil/status/514076967218720768	[{'text': 'HoyJuegaSanta', 'indices': [0, 14]}, {'text': 'BNacional', 'indices': [51, 61]}]
CagnoliTandil	Sat Sep 20 22:20:07 +0000 2014	3	2	1er Premio a Nuestro Stand en la Expo Rural 2014 de #LasFlores http://t.co/l5auCiY2ek	https://twitter.com/CagnoliTandil/status/513452574826319872	[{'text': 'LasFlores', 'indices': [52, 62]}]
CagnoliTandil	Sat Sep 20 21:34:02 +0000 2014	0	0	"#Sábado a la noche y #asado con amigos.
¿A quién le toca llevar la #PicadaCagnoli hoy?

Que no le falte Spianatta. http://t.co/6K3KBzfakV"	https://twitter.com/CagnoliTandil/status/513440975625408512	[{'text': 'Sábado', 'indices': [0, 7]}, {'text': 'asado', 'indices': [21, 27]}, {'text': 'PicadaCagnoli', 'indices': [67, 81]}]
CagnoliTandil	Fri Sep 19 17:38:52 +0000 2014	4	4	"Llegó el #Viernes!!!
Probaste el Salame de Tandil DOT?
Que no le falte a tu #PicadaCagnoli de esta noche.
@ConsejoDOT http://t.co/DRbQBsrR2X"	https://twitter.com/CagnoliTandil/status/513019406176493568	[{'text': 'Viernes', 'indices': [9, 17]}, {'text': 'PicadaCagnoli', 'indices': [76, 90]}]
CagnoliTandil	Fri Sep 19 11:33:43 +0000 2014	2	0	Presentes en la Ciudad de Las Flores #ExpoRural #RuralLasFlores, degustando los Genuinos Salamines Tandileros..! http://t.co/Fa46ZuMkOW	https://twitter.com/CagnoliTandil/status/512927513170149377	[{'text': 'ExpoRural', 'indices': [37, 47]}, {'text': 'RuralLasFlores', 'indices': [48, 63]}]
CagnoliTandil	Thu Sep 18 01:56:54 +0000 2014	6	5	"El Orgullo de ser Genuino de Tandil.
@clubsantamarina http://t.co/mS2mkPXVY1"	https://twitter.com/CagnoliTandil/status/512419965786660864	[]
CagnoliTandil	Wed Sep 17 11:15:14 +0000 2014	4	6	"#HoyJuegaSanta 21:00 vs @SarmientoDJunin por la 8 de la #BNacional .
Vamos @clubsantamarina! Vamos Tandil! http://t.co/JKLo4LPcNK"	https://twitter.com/CagnoliTandil/status/512198085850968064	[{'text': 'HoyJuegaSanta', 'indices': [0, 14]}, {'text': 'BNacional', 'indices': [56, 66]}]
CagnoliTandil	Sat Sep 13 19:16:35 +0000 2014	0	0	"Organizá con tus amigos la #PicadaCagnoli de esta noche, para alentar a @ChinoMaidana.
#MayweatherMaidana2 http://t.co/cJiCSnfbMe"	https://twitter.com/CagnoliTandil/status/510869668874448897	[{'text': 'PicadaCagnoli', 'indices': [27, 41]}, {'text': 'MayweatherMaidana2', 'indices': [87, 106]}]
CagnoliTandil	Fri Sep 12 14:10:13 +0000 2014	4	14	"#HoyJuegaSanta 19:00 vs @CAHuracan por la 7 de la #BNacional en el San Martin.
Vamos @clubsantamarina! Vamos Tandil! http://t.co/znTRm3qRQa"	https://twitter.com/CagnoliTandil/status/510430182684241921	[{'text': 'HoyJuegaSanta', 'indices': [0, 14]}, {'text': 'BNacional', 'indices': [50, 60]}]
CagnoliTandil	Thu Sep 11 19:04:15 +0000 2014	1	0	11 de Septiembre #FelizDiaDelMaestro http://t.co/WVxRscYXSu	https://twitter.com/CagnoliTandil/status/510141790742409216	[{'text': 'FelizDiaDelMaestro', 'indices': [17, 36]}]
CagnoliTandil	Mon Sep 08 18:13:27 +0000 2014	13	12	"#AunqueGanesoPierdas.
Orgulloso de ser Genuino de Tandil.
#Santamarina #Cagnoli #Tandil http://t.co/l2dIRuhHys"	https://twitter.com/CagnoliTandil/status/509041844379201536	[{'text': 'AunqueGanesoPierdas', 'indices': [0, 20]}, {'text': 'Santamarina', 'indices': [58, 70]}, {'text': 'Cagnoli', 'indices': [71, 79]}, {'text': 'Tandil', 'indices': [80, 87]}]
CagnoliTandil	Sun Sep 07 12:50:57 +0000 2014	6	12	#HoyJuegaSanta 18:00 vs @CATemperley por la 6 de la #BNacional Vamos @clubsantamarina! http://t.co/ayU9PxCFwy	https://twitter.com/CagnoliTandil/status/508598295141580800	[{'text': 'HoyJuegaSanta', 'indices': [0, 14]}, {'text': 'BNacional', 'indices': [52, 62]}]
CagnoliTandil	Sun Sep 07 12:48:26 +0000 2014	0	0	Stand en Rutas Gourmet en la muestra criolla de Pollas de Potrillos y Potrancas @HipodromoArgPal @PrensaTurismoBA http://t.co/TnR2DQ7ThS	https://twitter.com/CagnoliTandil/status/508597663508725760	[]
CagnoliTandil	Fri Sep 05 20:12:58 +0000 2014	1	2	"Al fin llegó el Viernes!!!

Organizá con tus amigos la #PicadaCagnoli de esta noche!!! http://t.co/yfRL9ZfEo0"	https://twitter.com/CagnoliTandil/status/507984755917619200	[{'text': 'PicadaCagnoli', 'indices': [55, 69]}]
CagnoliTandil	Wed Sep 03 13:08:15 +0000 2014	4	12	#HoyJuegaSanta 20:30 Estadio San Martín vs Independiente Rivadavia por la 5 de la #BNacional Vamos @clubsantamarina! http://t.co/wcT53oOISx	https://twitter.com/CagnoliTandil/status/507153096783695873	[{'text': 'HoyJuegaSanta', 'indices': [0, 14]}, {'text': 'BNacional', 'indices': [82, 92]}]
CagnoliTandil	Tue Sep 02 14:07:39 +0000 2014	0	0	"2 de Septiembre. Día de la #Industria ""La Industria y el comercio son interminables""
Norberto Cagnoli http://t.co/828h1k3pUk"	https://twitter.com/CagnoliTandil/status/506805657971200000	[{'text': 'Industria', 'indices': [27, 37]}]
CagnoliTandil	Sat Aug 30 14:00:28 +0000 2014	5	8	"#HoyJuegaSanta @clubsantamarina desde las 15:30 con #AllBoys por la 4ta de la #BNacional

Vamos Tandil! Vamos Santa! http://t.co/tjXAZ8qZKL"	https://twitter.com/CagnoliTandil/status/505716688265162753	[{'text': 'HoyJuegaSanta', 'indices': [0, 14]}, {'text': 'AllBoys', 'indices': [52, 60]}, {'text': 'BNacional', 'indices': [78, 88]}]
CagnoliTandil	Fri Aug 29 23:53:35 +0000 2014	0	0	@TunyMartinez seguramente hubo un malentendido. Saludos.	https://twitter.com/CagnoliTandil/status/505503561623805952	[]
CagnoliTandil	Fri Aug 29 20:44:57 +0000 2014	8	9	"Mañana juega @clubsantamarina desde las 15:30 con #AllBoys por la 4ta de la #BNacional
Vamos Tandil! Vamos Santa! http://t.co/2Di75dDHLz"	https://twitter.com/CagnoliTandil/status/505456090965094402	[{'text': 'AllBoys', 'indices': [50, 58]}, {'text': 'BNacional', 'indices': [76, 86]}]
CagnoliTandil	Fri Aug 29 19:27:26 +0000 2014	0	0	@ComandoChorista @matigol_9 @LocoReCuerdo se está analizando la propuesta enviada. Saludos.	https://twitter.com/CagnoliTandil/status/505436583936688132	[]
CagnoliTandil	Sun Aug 24 17:03:39 +0000 2014	2	1	"Luego de la suspensión de ayer #HoyJuegaSanta 15:00 Estadio San Martín vs UnionSF.
Vamos @clubsantamarina!!! http://t.co/w3giGiMYXz"	https://twitter.com/CagnoliTandil/status/503588460524236800	[{'text': 'HoyJuegaSanta', 'indices': [31, 45]}]
CagnoliTandil	Sat Aug 23 12:15:43 +0000 2014	7	18	"#HoyJuegaSanta 16:30 Estadio San Martín vs UnionSF.
Vamos @clubsantamarina! Vamos Tandil!
#TandilTandilLaCapitalDel http://t.co/Co9jlzJ5QL"	https://twitter.com/CagnoliTandil/status/503153612022120448	[{'text': 'HoyJuegaSanta', 'indices': [0, 14]}, {'text': 'TandilTandilLaCapitalDel', 'indices': [90, 115]}]
CagnoliTandil	Fri Aug 22 20:28:13 +0000 2014	8	15	Mañana todos a alentar a @clubsantamarina desde las 16:30 en el San Martín en su debut en Tandil por la #BNacional http://t.co/ssqpI32iyx	https://twitter.com/CagnoliTandil/status/502915163197288449	[{'text': 'BNacional', 'indices': [104, 114]}]
CagnoliTandil	Thu Aug 14 18:34:26 +0000 2014	0	0	Buenísimo @Serelcrack te esperamos en @Syquet con todos nuestros productos.	https://twitter.com/CagnoliTandil/status/499987427164168192	[]
CagnoliTandil	Thu Aug 14 01:53:14 +0000 2014	0	0	@LocoReCuerdo @matigol_9 pueden enviar un mail a asistente.mkt@cagnoli.com y con gusto se analizará la propuesta :-)	https://twitter.com/CagnoliTandil/status/499735468125478913	[]
CagnoliTandil	Fri Aug 08 20:26:12 +0000 2014	0	0	"Ya es Viernes!!!
¿A quién le toca llevar la @PicadaCagnoli hoy?"	https://twitter.com/CagnoliTandil/status/497841227459731456	[]
CagnoliTandil	Tue Aug 05 19:09:13 +0000 2014	1	1	Sabías que el #SalameDeTandil cuenta con la primera Denominación de Origen del país para un alimento agroindustrial? http://t.co/XKhb8MPNEo	https://twitter.com/CagnoliTandil/status/496734689177395200	[{'text': 'SalameDeTandil', 'indices': [14, 29]}]
CagnoliTandil	Wed Jul 09 16:02:20 +0000 2014	0	0	"#PicadaMundialCagnoli para alentar a la Selección desde casa.
La selección, Cagnoli y amigos, el combo perfecto."	https://twitter.com/CagnoliTandil/status/486903185911857153	[{'text': 'PicadaMundialCagnoli', 'indices': [0, 21]}]
CagnoliTandil	Wed Jul 09 15:55:29 +0000 2014	1	1	#FelizDiaDeLaIndependencia Celebremos en Familia http://t.co/dRW12zhE5B	https://twitter.com/CagnoliTandil/status/486901462497517568	[{'text': 'FelizDiaDeLaIndependencia', 'indices': [0, 26]}]
CagnoliTandil	Tue Jul 08 18:52:04 +0000 2014	0	0	"Con quién vas a compartir mañana tu #PicadaMundialCagnoli ? 

Feriado, Cagnoli y la Selección. Combinación perfecta. http://t.co/zEQvHo64xj"	https://twitter.com/CagnoliTandil/status/486583513312161792	[{'text': 'PicadaMundialCagnoli', 'indices': [36, 57]}]
CagnoliTandil	Fri Jul 04 17:15:39 +0000 2014	1	0	Con quién vas a compartir mañana tu #PicadaMundialCagnoli ? http://t.co/VjoaYVtihU	https://twitter.com/CagnoliTandil/status/485109699290103808	[{'text': 'PicadaMundialCagnoli', 'indices': [36, 57]}]
CagnoliTandil	Tue Jul 01 13:53:09 +0000 2014	0	0	Hoy alentá desde tu casa o en la oficina a la selección cON una #PicadaMundialCagnoli con quien más prefieras. http://t.co/Kt0EFssOsP	https://twitter.com/CagnoliTandil/status/483971571405824000	[{'text': 'PicadaMundialCagnoli', 'indices': [64, 85]}]
CagnoliTandil	Mon Jun 30 20:30:59 +0000 2014	1	1	"Con quién vas a compartir mañana tu #PicadaMundialCagnoli ?
Con amigos, compañeros de la oficina o en familia? http://t.co/jYxYB1tknE"	https://twitter.com/CagnoliTandil/status/483709305049591808	[{'text': 'PicadaMundialCagnoli', 'indices': [36, 57]}]
CagnoliTandil	Tue Jun 24 21:31:53 +0000 2014	1	1	"Con quién vas a compartir mañana tu #PicadaMundialCagnoli?
Con amigos o con los compañeros de la oficina? http://t.co/8N8q1DBnOD"	https://twitter.com/CagnoliTandil/status/481550301686956032	[{'text': 'PicadaMundialCagnoli', 'indices': [36, 57]}]
CagnoliTandil	Mon Oct 21 18:47:45 +0000 2013	0	0	@matigol_9 marketing@cagnoli.com	https://twitter.com/CagnoliTandil/status/392361581410930690	[]
CagnoliTandil	Fri Nov 18 18:46:17 +0000 2011	2	0	Aquellas personas que quieran trabajar en la empresa, rogamos mandar respectivo mail a recursoshumanos@cagnoli.com	https://twitter.com/CagnoliTandil/status/137602541423824896	[]
