Posición	Jugador	Club	Puntos	Categoria
1	Temperley, Diego                   	Alvear Club                   	2960	0
2	Bayona, Rodrigo                    	GTM                           	2802	0
3	Constantino, Daniel                	River Plate                   	2758	0
4	Yamamoto, Leandro                  	Alvear Club                   	2665	0
5	Mariño, Ignacio Javier             	CEDIMA                        	2586	0
6	Acciaresi, Mariano                 	UCA Marash Argentina          	2584	0
7	Pighini, Matías                    	Lourdes                       	2561	0
8	Blasco, Lisandro                   	Top Minc                      	2552	0
9	Mendez, Mariano                    	Fulgor Villa Crespo           	2508	0
10	Melluso, Salvador                  	Gimnasty                      	2480	0
11	Delgadillo, Rodrigo                	San Lorenzo                   	2457	0
12	Sotto, Tomás                       	Lourdes                       	2454	0
13	Callaba, Nicolás                   	Gimnasty                      	2441	0
14	Spinelli, Franco                   	Ferrocarril Oeste             	2424	0
15	Weiss, Alan                        	Top Minc                      	2416	0
16	Blasco, Francisco Thomas           	Lourdes                       	2380	0
17	Constantino, Gabriel               	CEDIMA                        	2372	0
18	Lopez Marquez, Ezequiel            	Fenix                         	2342	0
19	Basso, Valentin                    	Gimnasty                      	2336	0
20	Casal, Octavio                     	Estacion Ping Pong            	2328	0
21	Hurevich, Tobias                   	Ferrocarril Oeste             	2292	0
22	Heis, Nicolás                      	GTM                           	2290	0
23	Bronstein, Leandro                 	River Plate                   	2251	0
24	Tresca, Gastón                     	Fenix                         	2246	0
25	Fernandez, Leoncio                 	Ferrocarril Oeste             	2181	1
26	Jaimovich, Ignacio                 	Top Minc                      	2140	1
27	Ciancio, Nicolás                   	Top Minc                      	2123	1
28	De Simone, Mariano                 	Nichia Gakuin                 	2103	1
29	Morrazo, Agustín                   	Alvear Club                   	2094	1
30	Marini, Joaquín                    	Ferrocarril Oeste             	2085	1
31	Tchintchinian, Mariano             	UCA Marash Argentina          	2079	1
32	Neira, Darío                       	Spin TDM                      	2075	1
33	Bordenave, Galo                    	Nikkei TDM                    	2074	1
34	Gonzalez Dos Santos, Patricio      	Lourdes                       	2055	1
35	Beloqui, Ramón                     	River Plate                   	2046	1
36	Pierini, Ariel                     	Alvear Club                   	2021	1
37	Romero, Santiago                   	Ateneo de Versailles          	2001	1
38	Merkin, Alan Gabriel               	River Plate                   	2000	1
39	Lovera Arteaga, Mainor             	Top Minc                      	1991	1
40	Candela, Juan                      	Fenix                         	1969	1
41	Nakagama, Alex R.                  	Fenix                         	1965	1
42	Olmos, Agustin                     	Tigre TDM                     	1952	1
43	Krowicki, Nahuel                   	Def. Santos Lugares           	1942	1
44	Jang, Agustín                      	Ferrocarril Oeste             	1938	1
45	Regner, Martín                     	Def. Santos Lugares           	1929	1
46	Cisilin, Estanislao                	Instituto Cia. Maria          	1922	1
47	Sato, Maximiliano                  	Rioja                         	1904	1
48	Marginet Campos, Alejandro         	GTM                           	1883	1
49	Bellusci, Pablo                    	Fenix                         	1874	1
50	Sanchez, Ariel H.                  	Top Minc                      	1859	1
51	Carpio, Francisco                  	TMR                           	1852	1
52	Felscher, Jonathan                 	Social Club TDM               	1818	1
53	Rodriguez Schoeller, Santiago      	Ateneo de Versailles          	1807	1
54	Buscema, Milton                    	Alvear Club                   	1805	1
55	Buzzi, Maximiliano                 	Estacion Ping Pong            	1802	1
56	Satriani, Genaro                   	Ferrocarril Oeste             	1790	1
57	Albanese, Juan Manuel              	Top Minc                      	1781	1
58	Perez Colman, Imanol               	Banco Nacion                  	1779	1
59	Huici, Julián                      	U.V.V.A.                      	1772	1
60	Samaja, Facundo                    	CTDM Pato Nizetich            	1753	1
61	Medina, Nicolas                    	CTDM Pato Nizetich            	1753	2
62	Lamazon, Gustavo Gabriel           	CAVA                          	1740	2
63	Strah, Juan Pablo                  	Lourdes                       	1732	2
64	Waitzel, Ariel                     	Instituto Cia. Maria          	1723	2
65	Sculco, Nahuel                     	Nikkei TDM                    	1707	2
66	Correas Espeche, Ezequiel          	Rioja                         	1695	2
67	Burotto, Pablo                     	Vito Dumas TdM                	1693	2
68	Romero, Elias                      	CEDIMA                        	1685	2
69	Kaniuka, Aleksy                    	CEDIMA                        	1680	2
70	Joszpe, Santiago                   	Top Minc                      	1657	2
71	Fermanelli, Pedro                  	Lourdes                       	1646	2
72	Mallo, Federico Oscar              	Inst.Atlet. Cultural          	1629	2
73	Acuña, Luis                        	Instituto Cia. Maria          	1627	2
74	Carlisi, Nahuel                    	Tigre TDM                     	1624	2
75	Smodlaka, Guido I.                 	Alvear Club                   	1619	2
76	Perez, Alejandro                   	CEDIMA                        	1613	2
77	Gutierrez, Marcelo                 	Circulo Campano               	1593	2
78	Vera Ortega, Joaquín               	Tigre TDM                     	1586	2
79	Carattoli, Lucas J.                	Ateneo de Versailles          	1580	2
80	Garcia, Román                      	Gimnasty                      	1578	2
81	Rosen, Franco                      	Top Minc                      	1553	2
82	Ledesma, Nicolás                   	Def. Santos Lugares           	1546	2
83	Palazzo, Didier                    	Ateneo de Versailles          	1524	2
84	Sosa, Mateo                        	Fenix                         	1521	2
85	Bronstein, Facundo                 	River Plate                   	1517	2
86	Schvartz, Ivan                     	Macabi                        	1507	2
87	Camposaragna, Gian Franco          	Tigre TDM                     	1489	2
88	Cardoso, Andres N                  	CAVA                          	1488	2
89	Rodriguez, Aurelio                 	Instituto Cia. Maria          	1476	2
90	Navarro, Sergio Fernando           	Instituto Cia. Maria          	1468	2
91	Vergez, Federico                   	Estacion Ping Pong            	1466	2
92	Camagna, Diego Andrés              	Fenix                         	1465	2
93	Josid, Alex                        	Macabi                        	1461	2
94	Bertran, Ezequiel                  	Instituto Cia. Maria          	1460	2
95	Belaustegui, Nicolás               	Tigre TDM                     	1456	2
96	Rotryng Alvarez, Facundo           	Macabi                        	1450	2
97	Marcial, Alma G.                   	AsociacionYabrudense          	1449	2
98	Yonamine, Ricardo                  	Nikkei TDM                    	1435	2
99	Delgado, Gastón                    	Fenix                         	1425	2
100	Ortiz, Carlos N.                   	Libertad                      	1416	2
101	Buquete, Luis Mariano              	El Galpong                    	1412	2
102	Otero Saumell, Juan                	GTM                           	1411	2
103	Sanucci, Matías                    	CAVA                          	1405	2
104	Paz, Facundo N.                    	CEDIMA                        	1387	2
105	Garcia Rae, Nehuen                 	CTDM Pato Nizetich            	1377	2
106	Frasson, Gabriel                   	TMR                           	1372	2
107	Vera, Agustín                      	Tigre TDM                     	1367	2
108	Baltaian, Leandro Alfredo          	CTDM Pato Nizetich            	1365	2
109	Pollini, Santiago                  	Lourdes                       	1365	2
110	Okuyama, Abril                     	Peretz                        	1362	2
111	Rizzo, Juan                        	GTM                           	1348	3
112	Zaffaroni Velazquez, Luca N.       	Def. Santos Lugares           	1346	3
113	Kenji Kamida, Diego                	AsociacionYabrudense          	1332	3
114	Gans, Ignacio                      	Macabi                        	1322	3
115	Martire, Emiliano                  	Circulo Campano               	1320	3
116	Cohen, Claudio                     	Padilla                       	1318	3
117	Arnaudo, Facundo E.                	Ferrocarril Oeste             	1307	3
118	Amendola, Julio                    	Def. Santos Lugares           	1301	3
119	Salvatierra, Marcelo               	TMR                           	1301	3
120	Szeinfain, Thomas                  	Ateneo de Versailles          	1299	3
121	Docampo, Alejandro                 	Lourdes                       	1295	3
122	Acosta Rios, Juan Ignacio          	Top Minc                      	1291	3
123	Pollini, Mariano                   	Lourdes                       	1272	3
124	Paredes, Matías                    	La Legión TDM                 	1267	3
125	Erlich, Damian Ariel               	Top Minc                      	1265	3
126	Lipinszki, Alberto                 	Fenix                         	1259	3
127	Monteforte, Pablo A.               	Lourdes                       	1259	3
128	Aizemberg, Ariel                   	Fenix                         	1254	3
129	Bonanata, Ignacio                  	Lourdes                       	1252	3
130	Atamian, Martín                    	Inst.Atlet. Cultural          	1241	3
131	Falles, Miguel Angel               	Gimnasty                      	1235	3
132	Martinez, Diego O.                 	CASA de Padua                 	1232	3
133	Valin, Quimey                      	Rioja                         	1230	3
134	De Bonis, Ignacio                  	U.V.V.A.                      	1215	3
135	Munno, Alvaro                      	Rioja                         	1212	3
136	Parodi, Oscar                      	Alvear Club                   	1187	3
137	Gonzalez, Lucas Horacio            	Top Minc                      	1164	3
138	Lomban, Bautista                   	Instituto Cia. Maria          	1152	3
139	Yamaguchi, Luis Alberto            	Peñarol                       	1144	3
140	Stefanini, Sebastián               	CASA de Padua                 	1143	3
141	Guglielmone, Gustavo               	Fenix                         	1142	3
142	Bercellini, Andrés                 	Nikkei TDM                    	1138	3
143	Soldi, Juan Andres                 	Gimnasty                      	1137	3
144	Bisforo, Lucas                     	U.V.V.A.                      	1126	3
145	Castro, Rodrigo Sebastián          	Circulo Campano               	1119	3
146	Orobio, Manuel                     	Tigre TDM                     	1118	3
147	Convertini, Pablo                  	Top Minc                      	1117	3
148	Waicman, Nicolas                   	CTDM Pato Nizetich            	1108	3
149	Saul, Felipe                       	Alvear Club                   	1104	3
150	Fernandez Pizzella, Valentin       	Ferrocarril Oeste             	1101	3
151	Carattoli, Matias J.               	Ateneo de Versailles          	1101	3
152	Fiasche, Francisco                 	Banco Nacion                  	1098	3
153	Pokorny, Solange                   	La Huella                     	1096	3
154	Tomasello, Lucio                   	Def. Santos Lugares           	1091	3
155	Caligaris, Juan                    	Spin TDM                      	1090	3
156	Zalagione, Emiliano                	Gimnasty                      	1088	3
157	Battaglini, Alejandro              	Alvear Club                   	1087	3
158	Carranza, Mateo                    	Tigre TDM                     	1081	3
159	Bustamante, Matías                 	Lourdes                       	1079	3
160	Canteros, Cristian                 	Ferrocarril Oeste             	1078	3
161	Werner, Fabian                     	CTDM Pato Nizetich            	1070	4
162	Roig, Dante                        	Tigre TDM                     	1061	4
163	Aguirre, Nicolas M                 	Libre                         	1053	4
164	Medina, Sebastian                  	CTDM Pato Nizetich            	1052	4
165	Bentancor, Omar                    	Ferrocarril Oeste             	1047	4
166	Faranca, Dario                     	Social Club TDM               	1042	4
167	Laiño, Alejandro Daniel            	CAVA                          	1035	4
168	Collante, Axel                     	Banco Nacion                  	1031	4
169	Bentancor, Matias                  	Ferrocarril Oeste             	1028	4
170	Geronimo, Ismael Alejandro         	Top Minc                      	1025	4
171	Luciani, Daniel H.                 	CASA de Padua                 	1020	4
172	Baumlis, Debora                    	River Plate                   	1016	4
173	Anguillesi, Miguel                 	Fenix                         	1015	4
174	Paz, Santiago                      	Fenix                         	1003	4
175	Rotryng Alvarez, Cielo             	Alvear Club                   	1002	4
176	Loiacono, Joaquin                  	Alvear Club                   	999	4
177	Wior, Martín                       	Atlanta                       	987	4
178	Cheong Cutreta, Agustín            	Estacion Ping Pong            	983	4
179	Lira, Reinaldo                     	La Legión TDM                 	979	4
180	Fadel, Anat                        	Macabi                        	976	4
181	Bannert, Braian                    	Circulo Campano               	971	4
182	Vique, Daniel                      	TMR                           	971	4
183	Aguiar, Gonzalo                    	Tigre TDM                     	967	4
184	Coronil, Jorge Gustavo             	TMR                           	965	4
185	Dappiano, Martin                   	Fenix                         	959	4
186	Bozzuto, Luciano                   	Social Club TDM               	959	4
187	Vazquez, Alejandro                 	River Plate                   	956	4
188	Tiercin, Gonzalo                   	Atlanta                       	954	4
189	Matsumoto, Karen                   	TMR                           	941	4
190	Ojeda, Martín                      	El Galpong                    	937	4
191	Isola, Andres                      	AsociacionYabrudense          	931	4
192	Ruiz, Mateo Jose                   	Ateneo de Versailles          	921	4
193	Iwasa, Abril                       	River Plate                   	919	4
194	Aquino, Manuel                     	GTM                           	917	4
195	Azzurro, Ignacio                   	Gimnasty                      	909	4
196	Malenchini, Jorge Daniel           	Padilla                       	907	4
197	Sassone, Marco                     	Tigre TDM                     	900	4
198	Fradkin, Ivan                      	River Plate                   	897	4
199	Mamone, Matias                     	Social Club TDM               	896	4
200	Flores Canto, Erik                 	San Lorenzo                   	896	4
201	Valverde, Javier                   	Ferrocarril Oeste             	895	4
202	Sosa, Emiliano                     	Fenix                         	895	4
203	Kalbermatter, Roberto              	GTM                           	884	4
204	Takahashi, Brisa C.                	Gimnasty                      	881	4
205	Martinez Alcalde, Emanuel          	CEDIMA                        	875	4
206	Barrios, Julio D.                  	San Lorenzo                   	869	4
207	Martinez, Carlos                   	Def. Santos Lugares           	868	4
208	Gryszkiewicz, Maximiliano          	Def. Santos Lugares           	866	4
209	Sosa, Ignacio J.                   	Tigre TDM                     	865	4
210	Rueda, Aníbal                      	TMR                           	853	4
211	Exposito, Damian A                 	Club Italiano JCPaz           	838	5
212	Munafó, Pablo                      	Instituto Cia. Maria          	834	5
213	Escalante, Eduardo                 	Club Italiano JCPaz           	833	5
214	Nakagama, Alan Jun                 	Fenix                         	832	5
215	Kalomiris, Pablo                   	Ateneo de Versailles          	831	5
216	Dolcet, Mauro                      	Lourdes                       	823	5
217	Reina, Marcos                      	La Legión TDM                 	822	5
218	Von Eckstein, Juan Jose            	GTM                           	820	5
219	Diaz, Juan Pablo                   	Lourdes                       	818	5
220	Crevecouer, Nicolás                	Intendente Agüero             	811	5
221	Murua, Santiago                    	Alvear Club                   	804	5
222	Bottos, Lucas N.                   	Fenix                         	800	5
223	Garcia, Lucas                      	Top Minc                      	797	5
224	Cornejo, Franco                    	GTM                           	794	5
225	Villegas, Pablo                    	AsociacionYabrudense          	786	5
226	Villarruel, Ary Javier             	Social Club TDM               	786	5
227	Diaz, Fernando                     	Top Minc                      	785	5
228	Lassaque, Andrés                   	CAVA                          	784	5
229	Herrera, Juan Ignacio              	TMR                           	782	5
230	Monali, Sofia                      	Fenix                         	782	5
231	Dunayevich, Santiago               	Fenix                         	779	5
232	Giacobbe, Jeremias                 	Club La Quinta                	777	5
233	Fior, Santiago Danilo              	TMR                           	776	5
234	Kramarovsky, Iván                  	Instituto Cia. Maria          	769	5
235	Fontana, Nicolas Damian            	Tigre TDM                     	769	5
236	Fantozzi, Alejandro                	Top Minc                      	769	5
237	Balcaza, Néstor                    	Spin TDM                      	766	5
238	Lin, Pablo                         	Social Club TDM               	766	5
239	Thisted, Marcos                    	La Legión TDM                 	765	5
240	Serra Schoppe, Ariel I.            	Instituto Cia. Maria          	764	5
241	Rozehnal, Ignacio                  	Top Minc                      	764	5
242	Sagastume Kohn, Ariel              	River Plate                   	756	5
243	Puk Vidal, Santiago                	Peretz                        	756	5
244	Simon Hurtado, Carlos              	Alvear Club                   	756	5
245	Miyashiro, Bautista                	Instituto Cia. Maria          	752	5
246	Iwasa, Pilar                       	River Plate                   	750	5
247	Puk Vidal, Sebastian               	Peretz                        	749	5
248	Sposato, Valentino                 	CTDM Pato Nizetich            	749	5
249	Casela, Agustin                    	Lourdes                       	749	5
250	Santostefano, Marcelo              	Tigre TDM                     	743	5
251	Mora Carreño, Helysaul             	La Legión TDM                 	743	5
252	Chillemi, Germán                   	Top Minc                      	735	5
253	Espinosa, Juan Ignacio             	La Legión TDM                 	734	5
254	Miura Murayama, Noriko             	Tigre TDM                     	730	5
255	Morales Centurion, Ma. Ayelen      	River Plate                   	729	5
256	Akizawa, Clelia F                  	AsociacionYabrudense          	725	5
257	Cortes, Juan Cruz                  	Libertad                      	720	5
258	Ramos, Nicolas J.                  	Ateneo de Versailles          	718	5
259	Aguilar Ikeda, Justina Mayumi      	Fenix                         	712	5
260	Castagnola, Cristian A.            	Club La Quinta                	710	5
261	Trillini, Juan                     	Atlanta                       	710	6
262	Arias, Joaquin                     	Alvear Club                   	702	6
263	Gil Baez, Rodrigo                  	Fenix                         	698	6
264	Borgstrand, Ivo                    	La Legión TDM                 	697	6
265	Czarny, Lucas                      	Atlanta                       	694	6
266	Heredia, Edgardo                   	GTM                           	694	6
267	Devesa, Gabriel F.                 	Atlanta                       	692	6
268	Nicolini, Matias R.                	Ateneo de Versailles          	685	6
269	Martinez, Guillermo                	Fenix                         	677	6
270	Condori, Lucas Ivan                	Nichia Gakuin                 	677	6
271	Soto, Gerardo                      	San Lorenzo                   	674	6
272	Piuma, Vanesa C.                   	Nichia Gakuin                 	672	6
273	Hurevich, Mariano                  	River Plate                   	668	6
274	Larraura, Facundo                  	San Lorenzo                   	667	6
275	Aguilar Solis, Francisco           	Atlanta                       	666	6
276	Conci, Rodolfo H                   	Instituto Cia. Maria          	665	6
277	Lima, Martin                       	Zenit                         	664	6
278	Moavro, Fernando E.                	Club Italiano JCPaz           	662	6
279	Marcovich, Andrés                  	Fenix                         	661	6
280	Kerber, Ezequiel                   	Atlanta                       	661	6
281	Vega, Nicolás                      	Alvear Club                   	658	6
282	Lacuadra, Sebastian H.             	Club Italiano JCPaz           	654	6
283	Pimienta, Raul E.                  	Atlanta                       	653	6
284	Soto, Aldo H.                      	Gimnasty                      	653	6
285	Espinosa  Dotta, Julian            	Instituto Cia. Maria          	646	6
286	Romano, Maria Rosario              	Tigre TDM                     	644	6
287	Condori,Olegario                   	Nichia Gakuin                 	643	6
288	Lacuadra, Mathias                  	Club Italiano JCPaz           	643	6
289	Fiorda, Jonathan                   	La Legión TDM                 	642	6
290	Aguirre, Julio Ricardo             	GTM                           	642	6
291	Macas Macias, Ariel                	Atlanta                       	640	6
292	Nizetich Tripodi, Lautaro          	CTDM Pato Nizetich            	635	6
293	Chapuis, Maria Jacqueline          	TMR                           	634	6
294	Sosa, Ivan Marcelo                 	Tigre TDM                     	625	6
295	Villoldo, Claudio                  	Tigre TDM                     	620	6
296	Nakankare, Agustina                	Nichia Gakuin                 	620	6
297	Coelho Costa, Lucas D.             	Club La Quinta                	620	6
298	Bocca Di Fuocco, Gabriel           	Intendente Agüero             	615	6
299	Garrido, Ernesto                   	Rioja                         	612	6
300	Frol, Esteban                      	TMR                           	605	6
301	Quiceno, Guillermo                 	Estacion Ping Pong            	597	6
302	Maldonado, Francisco M.            	La Legión TDM                 	597	6
303	Carrillo, Hernan H.                	Adrogue Sith Spin             	597	6
304	Gonzalez, Gustavo Martin           	San Lorenzo                   	595	6
305	Keizman, Graciela Rut              	Alvear Club                   	592	6
306	Paz, Luciano                       	La Legión TDM                 	583	6
307	Guarino Muñoz, Alejo E.            	CEDIMA                        	578	6
308	Lopez, Rodrigo                     	La Legión TDM                 	578	6
309	Blejman, Mariano                   	Fenix                         	577	6
310	Soria, Alejandro                   	Libre                         	576	6
311	Rodriguez Salem, Lucia             	Gimnasty                      	575	7
312	Monteforte, Nicolas A.             	Lourdes                       	571	7
313	Rossi Vera, Santino                	Peretz                        	561	7
314	Cobanera, Franco                   	Intendente Agüero             	559	7
315	Juri, Leandro                      	Fenix                         	559	7
316	Garnis, Maria Lara                 	Libertad                      	555	7
317	Molina, Tomas                      	Fenix                         	555	7
318	Nemeth, Jozsef                     	CTDM Pato Nizetich            	541	7
319	Elizarraga, Eduardo                	CPCN Villa Gesell             	539	7
320	Barmak, Martin                     	Atlanta                       	533	7
321	Del Roio, Agustin                  	Fenix                         	529	7
322	Puig, Pedro                        	Spin TDM                      	528	7
323	Gomez, Marcelo L.                  	CAVA                          	528	7
324	Kaladjian, Leonardo                	Inst.Atlet. Cultural          	523	7
325	Rolando, Juan                      	Libre                         	521	7
326	Marcial, Luca Valentino            	AsociacionYabrudense          	520	7
327	Falcon, Francisco                  	Tigre TDM                     	517	7
328	Miño, Angel                        	Tigre TDM                     	517	7
329	Mandel, Mario                      	Top Minc                      	514	7
330	Camarero, Ludmila                  	Def. Santos Lugares           	513	7
331	Andrade, Facundo                   	Alvear Club                   	511	7
332	Rodriguez, Santiago                	Tigre TDM                     	508	7
333	Garbini Camiña, Franco             	Libertad                      	506	7
334	Baez, Federico                     	Tigre TDM                     	496	7
335	Agrelo Brito, Luis E.              	Atlanta                       	496	7
336	Baudino, Macarena                  	Def. Santos Lugares           	496	7
337	Soto, Martina                      	Gimnasty                      	491	7
338	Morales, Ricardo                   	Libre                         	490	7
339	Majul, Fabio D.                    	Jorge Newbery TDM             	480	7
340	Jimenez, Nicolas M.                	Jorge Newbery TDM             	480	7
341	Molina, Juan Martin                	Fenix                         	479	7
342	Coronel, Tiara D.                  	Lourdes                       	468	7
343	Romio, Gustavo                     	Instituto Cia. Maria          	466	7
344	Gordillo, Marcos J.                	Club Italiano JCPaz           	465	7
345	Prosperi, Tobias                   	Gimnasty                      	463	7
346	Teves, Cristian                    	Jorge Newbery TDM             	459	7
347	Reggiardo, Carolina                	TMR                           	436	7
348	Colombo, Hernan J.                 	Tigre TDM                     	425	7
349	Aldecader, Pablo                   	U.V.V.A.                      	424	7
350	Suarez, Franco E.                  	Club Italiano JCPaz           	424	7
351	Huaranca Castillo, Irene T.        	San Lorenzo                   	422	7
352	Huertas Bustos, Lucia              	Alvear Club                   	409	7
353	Vulcano, Julio Cesar               	Alvear Club                   	403	7
